"Date","Price","Open","High","Low","Vol.","Change %"
"05/11/2026","1,127.00","1,139.00","1,146.55","1,121.00","699.21K","-0.88%"
"05/08/2026","1,137.00","1,166.00","1,166.00","1,131.00","587.62K","-2.40%"
"05/07/2026","1,165.00","1,172.00","1,191.00","1,165.00","451.85K","0.09%"
"05/06/2026","1,164.00","1,130.00","1,197.00","1,127.00","841.54K","4.30%"
"05/05/2026","1,116.00","1,111.00","1,128.00","1,107.00","912.47K","-0.98%"
"05/01/2026","1,127.00","1,122.00","1,127.00","1,093.00","527.42K","2.27%"
"04/30/2026","1,102.00","1,070.00","1,106.00","1,066.00","1.43M","2.04%"
"04/29/2026","1,080.00","990.00","1,095.00","980.00","2.11M","0.93%"
"04/28/2026","1,070.00","1,115.00","1,116.00","1,070.00","1.37M","-3.17%"
"04/27/2026","1,105.00","1,101.00","1,126.00","1,101.00","764.59K","-0.63%"
"04/24/2026","1,112.00","1,125.00","1,130.00","1,107.00","500.91K","-2.03%"
"04/23/2026","1,135.00","1,133.00","1,150.00","1,122.00","713.96K","-0.70%"
"04/22/2026","1,143.00","1,187.00","1,187.00","1,143.00","676.47K","-3.46%"
"04/21/2026","1,184.00","1,220.00","1,220.00","1,184.00","439.29K","-1.00%"
"04/20/2026","1,196.00","1,205.00","1,209.00","1,184.00","574.79K","-2.37%"
"04/17/2026","1,225.00","1,156.00","1,247.00","1,155.00","1.40M","5.06%"
"04/16/2026","1,166.00","1,160.00","1,194.00","1,150.00","1.25M","-4.19%"
"04/15/2026","1,217.00","1,211.00","1,222.00","1,204.00","440.70K","-0.25%"
"04/14/2026","1,220.00","1,188.00","1,220.00","1,188.00","631.92K","3.30%"
"04/13/2026","1,181.00","1,190.00","1,190.00","1,160.00","1.17M","-2.56%"
"04/10/2026","1,212.00","1,210.00","1,235.00","1,201.00","954.08K","0.58%"
"04/09/2026","1,205.00","1,201.00","1,211.00","1,185.00","748.38K","-0.08%"
"04/08/2026","1,206.00","1,250.00","1,250.00","1,193.00","1.08M","7.39%"
"04/07/2026","1,123.00","1,132.00","1,144.00","1,116.00","569.43K","-1.14%"
"04/02/2026","1,136.00","1,152.00","1,156.00","1,125.00","598.22K","-3.24%"
"04/01/2026","1,174.00","1,155.00","1,185.00","1,147.00","1.07M","5.58%"
"03/31/2026","1,112.00","1,109.00","1,130.00","1,109.00","481.80K","-0.18%"
"03/30/2026","1,114.00","1,115.00","1,120.00","1,100.00","607.53K","-1.42%"
"03/27/2026","1,130.00","1,127.00","1,132.00","1,112.00","618.27K","0.18%"
"03/26/2026","1,128.00","1,118.00","1,131.00","1,107.00","641.35K","0.53%"
"03/25/2026","1,122.00","1,112.00","1,148.00","1,112.00","480.16K","1.81%"
"03/24/2026","1,102.00","1,114.00","1,119.00","1,100.00","977.23K","-0.99%"
"03/23/2026","1,113.00","1,034.00","1,132.00","1,034.00","1.17M","4.12%"
"03/20/2026","1,069.00","1,071.00","1,085.00","1,067.00","1.20M","1.81%"
"03/19/2026","1,050.00","1,116.00","1,116.00","1,050.00","1.22M","-4.89%"
"03/18/2026","1,104.00","1,120.00","1,123.00","1,092.00","553.62K","1.01%"
"03/17/2026","1,093.00","1,093.00","1,109.00","1,076.00","564.36K","0.92%"
"03/16/2026","1,083.00","1,107.00","1,107.00","1,077.00","698.75K","-1.19%"
"03/13/2026","1,096.00","1,159.00","1,159.00","1,090.00","694.39K","-1.08%"
"03/12/2026","1,108.00","1,130.00","1,150.00","1,082.00","1.22M","-4.07%"
"03/11/2026","1,155.00","1,184.00","1,184.00","1,155.00","905.78K","-2.28%"
"03/10/2026","1,182.00","1,196.00","1,198.00","1,176.00","686.53K","2.16%"
"03/09/2026","1,157.00","1,150.00","1,164.00","1,122.00","931.93K","-0.77%"
"03/06/2026","1,166.00","1,197.00","1,206.00","1,166.00","800.83K","-0.93%"
"03/05/2026","1,177.00","1,205.00","1,213.00","1,177.00","718.36K","-1.92%"
"03/04/2026","1,200.00","1,179.00","1,217.00","1,174.00","984.56K","1.78%"
"03/03/2026","1,179.00","1,210.00","1,221.00","1,178.00","1.20M","-3.76%"
"03/02/2026","1,225.00","1,199.00","1,240.00","1,160.00","1.24M","-2.47%"
"02/27/2026","1,256.00","1,299.00","1,299.00","1,256.00","1.03M","-2.33%"
"02/26/2026","1,286.00","1,260.00","1,293.00","1,240.00","1.36M","2.88%"
"02/25/2026","1,250.00","1,279.00","1,280.00","1,220.00","1.72M","-2.87%"
"02/24/2026","1,287.00","1,316.00","1,316.00","1,283.00","847.67K","-0.92%"
"02/23/2026","1,299.00","1,308.00","1,315.00","1,291.00","1.66M","-0.69%"
"02/20/2026","1,308.00","1,297.00","1,321.00","1,297.00","1.06M","1.16%"
"02/19/2026","1,293.00","1,321.00","1,321.00","1,286.00","497.47K","-0.54%"
"02/18/2026","1,300.00","1,300.00","1,315.00","1,284.00","697.35K","-0.08%"
"02/17/2026","1,301.00","1,282.00","1,305.00","1,282.00","443.32K","0.77%"
"02/16/2026","1,291.00","1,265.00","1,308.00","1,265.00","529.59K","1.81%"
"02/13/2026","1,268.00","1,229.00","1,268.00","1,229.00","1.29M","2.34%"
"02/12/2026","1,239.00","1,232.00","1,246.00","1,221.00","536.46K","1.14%"
"02/11/2026","1,225.00","1,217.00","1,245.00","1,217.00","1.48M","-1.05%"
"02/10/2026","1,238.00","1,271.00","1,271.00","1,232.00","714.40K","-2.29%"
"02/09/2026","1,267.00","1,254.00","1,277.00","1,250.00","635.91K","1.04%"
"02/06/2026","1,254.00","1,240.00","1,256.00","1,225.00","580.40K","1.62%"
"02/05/2026","1,234.00","1,275.00","1,275.00","1,226.00","564.14K","-2.06%"
"02/04/2026","1,260.00","1,241.00","1,272.00","1,241.00","539.61K","0.32%"
"02/03/2026","1,256.00","1,260.00","1,271.00","1,247.00","752.49K","0.00%"
"02/02/2026","1,256.00","1,243.00","1,259.00","1,235.00","1.09M","1.54%"
"01/30/2026","1,237.00","1,229.00","1,262.00","1,218.00","1.20M","1.48%"
"01/29/2026","1,219.00","1,220.00","1,245.00","1,214.00","909.59K","-0.81%"
"01/28/2026","1,229.00","1,226.00","1,232.00","1,218.00","1.30M","0.24%"
"01/27/2026","1,226.00","1,250.00","1,250.00","1,209.00","2.63M","-2.54%"
"01/26/2026","1,258.00","1,280.00","1,280.00","1,252.00","516.21K","-0.71%"
"01/23/2026","1,267.00","1,277.00","1,297.00","1,254.00","587.79K","-2.24%"
"01/22/2026","1,296.00","1,290.00","1,310.00","1,277.00","653.70K","2.29%"
"01/21/2026","1,267.00","1,261.00","1,279.00","1,253.00","667.33K","0.16%"
"01/20/2026","1,265.00","1,277.00","1,302.00","1,262.00","588.10K","-2.01%"
"01/19/2026","1,291.00","1,290.00","1,309.00","1,290.00","889.38K","-0.92%"
"01/16/2026","1,303.00","1,299.00","1,317.00","1,297.00","750.93K","0.46%"
"01/15/2026","1,297.00","1,326.00","1,326.00","1,297.00","502.30K","0.39%"
"01/14/2026","1,292.00","1,307.00","1,324.00","1,288.00","628.29K","-1.15%"
"01/13/2026","1,307.00","1,360.00","1,388.00","1,307.00","1.25M","-5.22%"
"01/12/2026","1,379.00","1,412.00","1,412.00","1,374.00","463.66K","-1.36%"
"01/09/2026","1,398.00","1,437.00","1,437.00","1,393.00","501.98K","-1.69%"
"01/08/2026","1,422.00","1,431.00","1,431.00","1,405.00","750.89K","0.07%"
"01/07/2026","1,421.00","1,470.00","1,475.00","1,405.00","767.55K","-2.54%"
"01/06/2026","1,458.00","1,450.00","1,458.00","1,404.00","471.38K","1.89%"
"01/05/2026","1,431.00","1,414.00","1,431.00","1,387.00","588.60K","1.27%"
"01/02/2026","1,413.00","1,412.00","1,424.00","1,393.00","252.96K","0.64%"
"12/31/2025","1,404.00","1,415.00","1,415.00","1,402.00","213.97K","-0.71%"
"12/30/2025","1,414.00","1,401.00","1,417.00","1,389.00","320.24K","1.51%"
"12/29/2025","1,393.00","1,408.00","1,408.00","1,384.00","205.23K","-0.64%"
"12/24/2025","1,402.00","1,402.00","1,406.00","1,395.00","113.43K","-0.07%"
"12/23/2025","1,403.00","1,404.00","1,412.00","1,397.00","229.58K","-0.07%"
"12/22/2025","1,404.00","1,413.00","1,413.00","1,383.00","344.58K","-0.64%"
"12/19/2025","1,413.00","1,433.00","1,433.00","1,395.00","469.25K","0.28%"
"12/18/2025","1,409.00","1,397.00","1,409.00","1,366.00","359.61K","2.25%"
"12/17/2025","1,378.00","1,388.00","1,390.00","1,360.00","568.42K","-0.36%"
"12/16/2025","1,383.00","1,362.00","1,390.00","1,359.00","473.92K","1.77%"
"12/15/2025","1,359.00","1,400.00","1,400.00","1,356.00","414.31K","-0.22%"
"12/12/2025","1,362.00","1,376.00","1,376.00","1,349.00","414.33K","0.89%"
"12/11/2025","1,350.00","1,341.00","1,355.00","1,328.00","361.47K","0.67%"
"12/10/2025","1,341.00","1,387.00","1,387.00","1,326.00","218.46K","0.07%"
"12/09/2025","1,340.00","1,359.00","1,360.00","1,333.00","377.85K","-0.59%"
"12/08/2025","1,348.00","1,400.00","1,401.00","1,339.00","322.72K","-0.81%"
"12/05/2025","1,359.00","1,350.00","1,361.00","1,348.00","342.92K","0.97%"
"12/04/2025","1,346.00","1,334.00","1,356.00","1,334.00","251.22K","0.90%"
"12/03/2025","1,334.00","1,342.00","1,352.00","1,330.00","383.35K","-0.45%"
"12/02/2025","1,340.00","1,379.00","1,383.00","1,339.00","555.97K","-3.18%"
"12/01/2025","1,384.00","1,360.00","1,405.00","1,360.00","727.73K","-1.56%"
"11/28/2025","1,406.00","1,420.00","1,430.00","1,400.00","473.04K","-0.78%"
"11/27/2025","1,417.00","1,390.00","1,422.00","1,388.00","424.59K","2.02%"
"11/26/2025","1,389.00","1,400.00","1,415.00","1,378.00","774.05K","-0.64%"
"11/25/2025","1,398.00","1,390.00","1,402.00","1,359.00","586.24K","1.08%"
"11/24/2025","1,383.00","1,367.00","1,393.00","1,365.00","824.01K","1.69%"
"11/21/2025","1,360.00","1,311.00","1,360.00","1,311.00","486.66K","3.19%"
"11/20/2025","1,318.00","1,343.00","1,364.00","1,318.00","659.11K","-2.73%"
"11/19/2025","1,355.00","1,400.00","1,400.00","1,325.00","1.49M","4.07%"
"11/18/2025","1,302.00","1,310.00","1,329.00","1,300.00","579.82K","-0.61%"
"11/17/2025","1,310.00","1,360.00","1,360.00","1,297.00","342.30K","-0.76%"
"11/14/2025","1,320.00","1,341.00","1,350.00","1,306.00","553.55K","-2.15%"
"11/13/2025","1,349.00","1,342.00","1,407.00","1,342.00","648.15K","0.52%"
"11/12/2025","1,342.00","1,316.00","1,349.00","1,302.00","815.63K","1.98%"
"11/11/2025","1,316.00","1,317.00","1,323.00","1,307.00","255.99K","0.69%"
"11/10/2025","1,307.00","1,338.00","1,338.00","1,297.00","432.29K","1.48%"
"11/07/2025","1,288.00","1,301.00","1,321.00","1,274.00","580.49K","-1.83%"
"11/06/2025","1,312.00","1,360.00","1,360.00","1,309.00","278.79K","-1.50%"
"11/05/2025","1,332.00","1,313.00","1,339.00","1,305.00","449.34K","1.45%"
"11/04/2025","1,313.00","1,348.00","1,352.00","1,313.00","459.05K","-3.38%"
"11/03/2025","1,359.00","1,340.00","1,376.00","1,330.00","483.35K","2.26%"
"10/31/2025","1,329.00","1,319.00","1,329.00","1,314.00","789.55K","0.68%"
"10/30/2025","1,320.00","1,310.00","1,324.00","1,309.00","376.11K","0.30%"
"10/29/2025","1,316.00","1,315.00","1,328.00","1,312.00","410.59K","-0.15%"
"10/28/2025","1,318.00","1,335.00","1,335.00","1,312.00","332.74K","-0.98%"
"10/27/2025","1,331.00","1,336.00","1,348.00","1,329.00","280.91K","-0.30%"
"10/24/2025","1,335.00","1,333.00","1,342.00","1,316.00","351.60K","0.38%"
"10/23/2025","1,330.00","1,327.00","1,333.00","1,320.00","367.44K","0.23%"
"10/22/2025","1,327.00","1,330.00","1,350.00","1,308.00","782.72K","1.30%"
"10/21/2025","1,310.00","1,322.00","1,326.00","1,290.00","500.50K","-1.06%"
"10/20/2025","1,324.00","1,334.00","1,342.00","1,313.00","538.47K","-0.60%"
"10/17/2025","1,332.00","1,339.00","1,346.00","1,323.00","358.98K","-1.70%"
"10/16/2025","1,355.00","1,337.00","1,355.00","1,328.00","303.91K","1.35%"
"10/15/2025","1,337.00","1,425.00","1,425.00","1,337.00","1.02M","-4.23%"
"10/14/2025","1,396.00","1,387.00","1,411.00","1,372.00","981.30K","0.65%"
"10/13/2025","1,387.00","1,374.00","1,396.00","1,371.00","2.23M","0.87%"
"10/10/2025","1,375.00","1,390.00","1,422.00","1,365.00","797.33K","-0.65%"
"10/09/2025","1,384.00","1,400.00","1,414.00","1,384.00","597.56K","-0.79%"
"10/08/2025","1,395.00","1,401.00","1,406.00","1,375.00","670.51K","-0.43%"
"10/07/2025","1,401.00","1,414.00","1,430.00","1,401.00","400.74K","-1.96%"
"10/06/2025","1,429.00","1,441.00","1,468.00","1,427.00","857.65K","-0.63%"
"10/03/2025","1,438.00","1,430.00","1,440.00","1,412.00","723.05K","1.13%"
"10/02/2025","1,422.00","1,446.00","1,455.00","1,422.00","772.27K","-0.56%"
"10/01/2025","1,430.00","1,479.00","1,479.00","1,400.00","775.69K","1.13%"
"09/30/2025","1,414.00","1,400.00","1,425.00","1,385.00","865.01K","1.87%"
"09/29/2025","1,388.00","1,370.00","1,390.00","1,363.00","1.06M","1.54%"
"09/26/2025","1,367.00","1,352.00","1,383.00","1,352.00","1.21M","1.11%"
"09/25/2025","1,352.00","1,350.00","1,361.00","1,343.00","726.82K","-0.44%"
"09/24/2025","1,358.00","1,374.00","1,380.00","1,354.00","737.87K","-1.16%"
"09/23/2025","1,374.00","1,366.00","1,405.00","1,366.00","783.32K","0.96%"
"09/22/2025","1,361.00","1,370.00","1,376.00","1,349.00","796.95K","-0.37%"
"09/19/2025","1,366.00","1,395.00","1,395.00","1,361.00","774.23K","-1.51%"
"09/18/2025","1,387.00","1,410.00","1,410.00","1,375.00","658.07K","-1.91%"
"09/17/2025","1,414.00","1,448.00","1,448.00","1,403.00","786.89K","-1.60%"
"09/16/2025","1,437.00","1,471.00","1,477.00","1,437.00","1.02M","-2.31%"
"09/15/2025","1,471.00","1,441.00","1,500.00","1,441.00","440.09K","0.07%"
"09/12/2025","1,470.00","1,465.00","1,487.00","1,456.00","546.93K","0.34%"
"09/11/2025","1,465.00","1,482.00","1,509.00","1,465.00","764.19K","-0.34%"
"09/10/2025","1,470.00","1,471.00","1,500.00","1,470.00","1.63M","-0.27%"
"09/09/2025","1,474.00","1,490.00","1,507.00","1,462.00","886.04K","-0.94%"
"09/08/2025","1,488.00","1,500.00","1,509.00","1,452.00","745.77K","2.20%"
"09/05/2025","1,456.00","1,454.00","1,477.00","1,416.00","1.07M","3.19%"
"09/04/2025","1,411.00","1,210.00","1,428.00","1,209.00","3.08M","-12.52%"
"09/03/2025","1,613.00","1,576.00","1,617.00","1,573.00","522.77K","2.48%"
"09/02/2025","1,574.00","1,614.00","1,621.00","1,566.00","543.27K","-2.54%"
"09/01/2025","1,615.00","1,610.00","1,638.00","1,610.00","551.81K","-0.80%"
"08/29/2025","1,628.00","1,640.00","1,650.00","1,626.00","488.68K","-0.61%"
"08/28/2025","1,638.00","1,601.00","1,651.00","1,601.00","689.24K","1.49%"
"08/27/2025","1,614.00","1,670.00","1,672.00","1,602.00","512.57K","-3.18%"
"08/26/2025","1,667.00","1,673.00","1,673.00","1,630.00","596.92K","1.21%"
"08/22/2025","1,647.00","1,613.00","1,655.00","1,613.00","361.36K","1.42%"
"08/21/2025","1,624.00","1,623.00","1,624.00","1,605.00","422.27K","0.06%"
"08/20/2025","1,623.00","1,632.00","1,651.00","1,619.00","478.05K","-1.99%"
"08/19/2025","1,656.00","1,632.00","1,657.00","1,632.00","391.91K","1.22%"
"08/18/2025","1,636.00","1,621.00","1,637.00","1,621.00","662.53K","0.49%"
"08/15/2025","1,628.00","1,640.00","1,643.00","1,622.00","363.46K","-0.18%"
"08/14/2025","1,631.00","1,645.00","1,645.00","1,614.00","453.09K","1.30%"
"08/13/2025","1,610.00","1,622.00","1,637.00","1,607.00","802.76K","-1.11%"
"08/12/2025","1,628.00","1,605.00","1,643.00","1,605.00","680.40K","0.74%"
"08/11/2025","1,616.00","1,632.00","1,639.00","1,616.00","562.51K","-0.98%"
"08/08/2025","1,632.00","1,641.00","1,645.00","1,624.00","631.69K","-0.24%"
"08/07/2025","1,636.00","1,639.00","1,643.00","1,624.00","1.57M","0.68%"
"08/06/2025","1,625.00","1,617.00","1,630.00","1,609.00","766.99K","0.06%"
"08/05/2025","1,624.00","1,600.00","1,624.00","1,592.00","825.26K","1.82%"
"08/04/2025","1,595.00","1,607.00","1,616.00","1,594.00","514.30K","-0.68%"
"08/01/2025","1,606.00","1,618.00","1,633.00","1,592.00","685.62K","-1.29%"
"07/31/2025","1,627.00","1,620.00","1,635.00","1,618.00","946.16K","0.18%"
"07/30/2025","1,624.00","1,617.00","1,628.00","1,613.00","435.35K","0.43%"
"07/29/2025","1,617.00","1,662.00","1,662.00","1,601.00","719.16K","-1.46%"
"07/28/2025","1,641.00","1,689.00","1,689.00","1,634.00","587.79K","-1.85%"
"07/25/2025","1,672.00","1,736.00","1,736.00","1,657.00","681.66K","-0.59%"
"07/24/2025","1,682.00","1,671.00","1,687.00","1,671.00","993.83K","0.24%"
"07/23/2025","1,678.00","1,669.00","1,682.00","1,663.00","625.99K","1.39%"
"07/22/2025","1,655.00","1,666.00","1,666.00","1,646.00","886.07K","-0.54%"
"07/21/2025","1,664.00","1,681.00","1,686.00","1,656.00","1.84M","0.42%"
"07/18/2025","1,657.00","1,653.00","1,672.00","1,651.00","742.28K","0.30%"
"07/17/2025","1,652.00","1,651.00","1,684.00","1,637.00","1.13M","-2.02%"
"07/16/2025","1,686.00","1,652.00","1,700.00","1,651.00","687.62K","2.12%"
"07/15/2025","1,651.00","1,688.00","1,705.00","1,651.00","765.00K","-1.96%"
"07/14/2025","1,684.00","1,686.00","1,714.00","1,681.00","643.03K","0.30%"
"07/11/2025","1,679.00","1,700.00","1,721.00","1,679.00","938.95K","-1.24%"
"07/10/2025","1,700.00","1,652.00","1,713.00","1,645.00","1.28M","3.41%"
"07/09/2025","1,644.00","1,775.00","1,834.00","1,644.00","2.04M","-9.92%"
"07/08/2025","1,825.00","1,798.00","1,831.00","1,789.00","803.19K","1.67%"
"07/07/2025","1,795.00","1,797.00","1,802.00","1,750.00","448.62K","2.45%"
"07/04/2025","1,752.00","1,780.00","1,797.00","1,751.00","515.23K","-2.23%"
"07/03/2025","1,792.00","1,750.00","1,805.00","1,750.00","481.95K","2.34%"
"07/02/2025","1,751.00","1,796.00","1,811.00","1,751.00","847.18K","-4.53%"
"07/01/2025","1,834.00","1,817.00","1,861.00","1,817.00","482.46K","-0.60%"
"06/30/2025","1,845.00","1,900.00","1,900.00","1,818.00","500.50K","1.21%"
"06/27/2025","1,823.00","1,826.00","1,852.00","1,817.00","380.37K","0.16%"
"06/26/2025","1,820.00","1,820.00","1,835.00","1,783.00","329.61K","0.72%"
"06/25/2025","1,807.00","1,844.00","1,844.00","1,797.00","543.57K","0.28%"
"06/24/2025","1,802.00","1,771.00","1,828.00","1,771.00","960.87K","2.97%"
"06/23/2025","1,750.00","1,771.00","1,792.00","1,750.00","575.41K","-2.29%"
"06/20/2025","1,791.00","1,703.00","1,811.00","1,703.00","633.56K","9,894.42%"
"06/19/2025","17.92","18.53","18.53","17.35","425.27K","-99.00%"
"06/18/2025","1,794.00","1,765.00","1,803.00","1,765.00","393.46K","0.62%"
"06/17/2025","1,783.00","1,811.00","1,813.00","1,774.00","551.72K","-1.55%"
"06/16/2025","1,811.00","1,784.00","1,827.00","1,779.00","599.27K","1.40%"
"06/13/2025","1,786.00","1,819.00","1,819.00","1,750.00","994.94K","-3.77%"
"06/12/2025","1,856.00","1,850.00","1,917.00","1,850.00","754.81K","-4.43%"
"06/11/2025","1,942.00","1,920.00","1,958.00","1,920.00","864.49K","-0.15%"
"06/10/2025","1,945.00","1,933.00","1,959.00","1,922.00","575.86K","0.62%"
"06/09/2025","1,933.00","1,912.00","1,938.00","1,908.00","760.77K","1.42%"
"06/06/2025","1,906.00","1,899.00","1,920.00","1,899.00","762.83K","0.05%"
"06/05/2025","1,905.00","1,852.00","1,905.00","1,852.00","674.44K","0.05%"
"06/04/2025","1,904.00","1,900.00","1,916.00","1,893.00","642.81K","0.42%"
"06/03/2025","1,896.00","1,919.00","1,925.00","1,892.00","840.60K","0.11%"
"06/02/2025","1,894.00","1,861.00","1,895.00","1,858.00","782.71K","1.83%"
"05/30/2025","1,860.00","1,850.00","1,861.00","1,829.00","4.16M","2.14%"
"05/29/2025","1,821.00","1,815.00","1,834.00","1,811.00","633.84K","0.50%"
"05/28/2025","1,812.00","1,792.00","1,827.00","1,792.00","1.10M","1.12%"
"05/27/2025","1,792.00","1,779.00","1,814.00","1,779.00","1.31M","1.19%"
"05/23/2025","1,771.00","1,779.00","1,815.00","1,754.00","679.92K","-0.34%"
"05/22/2025","1,777.00","1,766.00","1,792.00","1,766.00","668.52K","-0.22%"
"05/21/2025","1,781.00","1,784.00","1,784.00","1,757.00","480.57K","-0.17%"
"05/20/2025","1,784.00","1,762.00","1,784.00","1,762.00","662.11K","1.19%"
"05/19/2025","1,763.00","1,744.00","1,763.00","1,732.00","456.03K","0.86%"
"05/16/2025","1,748.00","1,748.00","1,758.00","1,735.00","368.98K","0.92%"
"05/15/2025","1,732.00","1,713.00","1,784.00","1,713.00","1.07M","0.76%"
"05/14/2025","1,719.00","1,748.00","1,750.00","1,709.00","1.21M","-2.11%"
"05/13/2025","1,756.00","1,730.00","1,759.00","1,717.00","895.03K","2.39%"
"05/12/2025","1,715.00","1,696.00","1,721.00","1,696.00","680.34K","1.06%"
"05/09/2025","1,697.00","1,700.00","1,717.00","1,677.00","882.27K","-0.88%"
"05/08/2025","1,712.00","1,668.00","1,712.00","1,662.00","930.56K","2.76%"
"05/07/2025","1,666.00","1,674.00","1,675.00","1,649.00","1.20M","-0.48%"
"05/06/2025","1,674.00","1,675.00","1,696.00","1,654.00","756.67K","0.48%"
"05/02/2025","1,666.00","1,650.00","1,677.00","1,642.00","1.09M","0.66%"
"05/01/2025","1,655.00","1,583.00","1,655.00","1,578.00","664.79K","4.55%"
"04/30/2025","1,583.00","1,542.00","1,583.00","1,503.00","980.33K","1.34%"
"04/29/2025","1,562.00","1,435.00","1,576.00","1,435.00","3.15M","15.70%"
"04/28/2025","1,350.00","1,339.00","1,395.00","1,339.00","843.83K","-1.96%"
"04/25/2025","1,377.00","1,383.00","1,383.00","1,358.00","566.25K","0.95%"
"04/24/2025","1,364.00","1,330.00","1,381.00","1,330.00","494.95K","-2.08%"
"04/23/2025","1,393.00","1,373.00","1,411.00","1,362.00","487.93K","2.65%"
"04/22/2025","1,357.00","1,321.00","1,364.00","1,309.00","353.88K","2.26%"
"04/17/2025","1,327.00","1,316.00","1,340.00","1,316.00","527.95K","1.07%"
"04/16/2025","1,313.00","1,304.00","1,314.00","1,298.00","424.00K","0.31%"
"04/15/2025","1,309.00","1,300.00","1,321.00","1,282.00","551.73K","2.03%"
"04/14/2025","1,283.00","1,269.00","1,298.00","1,269.00","254.23K","2.31%"
"04/11/2025","1,254.00","1,264.00","1,282.00","1,240.00","390.85K","-0.71%"
"04/10/2025","1,263.00","1,291.00","1,317.00","1,261.00","404.59K","2.52%"
"04/09/2025","1,232.00","1,211.00","1,237.00","1,185.00","484.55K","-0.24%"
"04/08/2025","1,235.00","1,185.00","1,241.00","1,162.00","752.07K","6.56%"
"04/07/2025","1,159.00","1,123.00","1,209.00","1,088.00","777.16K","-2.11%"
"04/04/2025","1,184.00","1,209.00","1,219.00","1,158.00","843.33K","-2.87%"
"04/03/2025","1,219.00","1,240.00","1,262.00","1,214.00","333.93K","-3.48%"
"04/02/2025","1,263.00","1,240.00","1,263.00","1,235.00","305.18K","1.77%"
"04/01/2025","1,241.00","1,263.00","1,263.00","1,232.00","950.97K","0.16%"
"03/31/2025","1,239.00","1,260.00","1,281.00","1,236.00","734.14K","-3.05%"
"03/28/2025","1,278.00","1,353.00","1,353.00","1,278.00","449.22K","-4.34%"
"03/27/2025","1,336.00","1,325.00","1,349.00","1,316.00","306.34K","-0.30%"
"03/26/2025","1,340.00","1,360.00","1,364.00","1,338.00","316.96K","-1.76%"
"03/25/2025","1,364.00","1,341.00","1,370.00","1,341.00","187.18K","0.89%"
"03/24/2025","1,352.00","1,360.00","1,367.00","1,347.00","240.89K","-0.44%"
"03/21/2025","1,358.00","1,350.00","1,372.00","1,343.00","658.38K","-0.88%"
"03/20/2025","1,370.00","1,390.00","1,394.00","1,370.00","656.76K","-1.37%"
"03/19/2025","1,389.00","1,378.00","1,389.00","1,373.00","608.07K","0.29%"
"03/18/2025","1,385.00","1,382.00","1,398.00","1,364.00","1.05M","0.65%"
"03/17/2025","1,376.00","1,359.00","1,376.00","1,349.00","587.48K","1.55%"
"03/14/2025","1,355.00","1,330.00","1,357.00","1,322.00","300.57K","1.96%"
"03/13/2025","1,329.00","1,374.00","1,378.00","1,329.00","409.16K","-4.11%"
"03/12/2025","1,386.00","1,406.00","1,406.00","1,375.00","882.07K","-0.50%"
"03/11/2025","1,393.00","1,350.00","1,401.00","1,345.00","1.07M","5.85%"
"03/10/2025","1,316.00","1,350.00","1,371.00","1,312.00","419.98K","-2.81%"
"03/07/2025","1,354.00","1,379.00","1,379.00","1,335.00","492.91K","-1.81%"
"03/06/2025","1,379.00","1,345.00","1,394.00","1,345.00","812.53K","1.55%"
"03/05/2025","1,358.00","1,337.00","1,372.00","1,337.00","411.72K","2.03%"
"03/04/2025","1,331.00","1,383.00","1,388.00","1,326.00","1.03M","-5.20%"
"03/03/2025","1,404.00","1,416.00","1,416.00","1,381.00","365.19K","-0.07%"
"02/28/2025","1,405.00","1,383.00","1,405.00","1,379.00","755.30K","1.08%"
"02/27/2025","1,390.00","1,360.00","1,400.00","1,360.00","485.26K","0.51%"
"02/26/2025","1,383.00","1,386.00","1,390.00","1,375.00","488.75K","0.29%"
"02/25/2025","1,379.00","1,346.00","1,394.00","1,346.00","703.86K","1.85%"
"02/24/2025","1,354.00","1,371.00","1,382.00","1,341.00","1.53M","-1.96%"
"02/21/2025","1,381.00","1,340.00","1,401.00","1,340.00","1.18M","2.91%"
"02/20/2025","1,342.00","1,403.00","1,411.00","1,340.00","1.31M","-4.01%"
"02/19/2025","1,398.00","1,425.00","1,437.00","1,378.00","3.62M","-10.67%"
"02/18/2025","1,565.00","1,588.00","1,588.00","1,565.00","340.05K","-0.63%"
"02/17/2025","1,575.00","1,540.00","1,585.00","1,540.00","286.52K","1.81%"
"02/14/2025","1,547.00","1,554.00","1,560.00","1,537.00","344.61K","-0.19%"
"02/13/2025","1,550.00","1,553.00","1,557.00","1,532.00","1.22M","0.78%"
"02/12/2025","1,538.00","1,523.00","1,550.00","1,516.00","388.19K","1.72%"
"02/11/2025","1,512.00","1,537.00","1,537.00","1,469.00","1.19M","-1.18%"
"02/10/2025","1,530.00","1,531.00","1,540.00","1,521.00","351.91K","0.13%"
"02/07/2025","1,528.00","1,505.00","1,556.00","1,505.00","394.52K","-1.29%"
"02/06/2025","1,548.00","1,528.00","1,549.00","1,519.00","292.33K","1.71%"
"02/05/2025","1,522.00","1,512.00","1,522.00","1,497.00","832.51K","0.66%"
"02/04/2025","1,512.00","1,488.00","1,524.00","1,488.00","787.45K","0.33%"
"02/03/2025","1,507.00","1,497.00","1,510.00","1,474.00","477.43K","-1.57%"
"01/31/2025","1,531.00","1,533.00","1,533.00","1,512.00","235.27K","0.72%"
"01/30/2025","1,520.00","1,491.00","1,532.00","1,480.00","361.51K","1.95%"
"01/29/2025","1,491.00","1,490.00","1,508.00","1,490.00","589.49K","-1.00%"
"01/28/2025","1,506.00","1,493.00","1,515.00","1,490.00","507.95K","0.00%"
"01/27/2025","1,506.00","1,514.00","1,522.00","1,491.00","337.83K","0.40%"
"01/24/2025","1,500.00","1,501.00","1,510.00","1,485.00","355.52K","1.15%"
"01/23/2025","1,483.00","1,476.00","1,506.00","1,452.00","586.01K","1.02%"
"01/22/2025","1,468.00","1,474.00","1,483.00","1,448.00","412.92K","-0.41%"
"01/21/2025","1,474.00","1,471.00","1,478.00","1,454.00","868.61K","0.61%"
"01/20/2025","1,465.00","1,523.00","1,523.00","1,455.00","429.22K","0.90%"
"01/17/2025","1,452.00","1,447.00","1,458.00","1,432.00","637.74K","0.90%"
"01/16/2025","1,439.00","1,434.00","1,450.00","1,421.00","380.60K","0.49%"
"01/15/2025","1,432.00","1,405.00","1,435.00","1,405.00","385.17K","1.70%"
"01/14/2025","1,408.00","1,488.00","1,488.00","1,396.00","721.36K","-0.85%"
"01/13/2025","1,420.00","1,515.00","1,515.00","1,412.00","1.00M","-2.74%"
"01/10/2025","1,460.00","1,485.00","1,496.00","1,460.00","291.00K","-2.60%"
"01/09/2025","1,499.00","1,491.00","1,506.00","1,477.00","403.64K","1.01%"
"01/08/2025","1,484.00","1,500.00","1,527.00","1,484.00","228.30K","-2.88%"
"01/07/2025","1,528.00","1,530.00","1,531.00","1,503.00","188.00K","0.00%"
"01/06/2025","1,528.00","1,541.00","1,541.00","1,490.00","202.20K","0.00%"
"01/03/2025","1,528.00","1,617.00","1,617.00","1,528.00","129.05K","-1.36%"
"01/02/2025","1,549.00","1,555.00","1,588.00","1,539.00","196.21K","-2.15%"
"12/31/2024","1,583.00","1,564.00","1,583.00","1,553.00","82.29K","1.47%"
"12/30/2024","1,560.00","1,531.00","1,567.00","1,531.00","122.84K","-0.38%"
"12/27/2024","1,566.00","1,570.00","1,580.00","1,554.00","135.13K","-0.25%"
"12/24/2024","1,570.00","1,542.00","1,592.00","1,542.00","74.57K","-0.38%"
"12/23/2024","1,576.00","1,649.00","1,649.00","1,556.00","192.85K","-0.51%"
"12/20/2024","1,584.00","1,574.00","1,588.00","1,549.00","361.54K","0.64%"
"12/19/2024","1,574.00","1,568.00","1,574.00","1,546.00","313.34K","-0.19%"
"12/18/2024","1,577.00","1,603.00","1,607.00","1,575.00","419.44K","-0.82%"
"12/17/2024","1,590.00","1,591.00","1,614.00","1,585.00","319.40K","-1.49%"
"12/16/2024","1,614.00","1,609.00","1,634.00","1,607.00","620.89K","-0.37%"
"12/13/2024","1,620.00","1,640.00","1,679.00","1,615.00","239.14K","-1.04%"
"12/12/2024","1,637.00","1,570.00","1,644.00","1,570.00","280.31K","-0.73%"
"12/11/2024","1,649.00","1,673.00","1,673.00","1,628.00","618.68K","-0.12%"
"12/10/2024","1,651.00","1,618.00","1,657.00","1,577.00","436.16K","0.98%"
"12/09/2024","1,635.00","1,624.00","1,652.00","1,624.00","399.71K","0.68%"
"12/06/2024","1,624.00","1,621.00","1,637.00","1,608.00","306.18K","-0.67%"
"12/05/2024","1,635.00","1,603.00","1,635.00","1,603.00","433.87K","2.19%"
"12/04/2024","1,600.00","1,600.00","1,617.00","1,588.00","643.89K","0.31%"
"12/03/2024","1,595.00","1,583.00","1,595.00","1,551.00","338.22K","3.04%"
"12/02/2024","1,548.00","1,647.00","1,647.00","1,546.00","280.67K","-1.59%"
"11/29/2024","1,573.00","1,521.00","1,600.00","1,521.00","290.77K","-1.26%"
"11/28/2024","1,593.00","1,620.00","1,620.00","1,590.00","248.35K","-1.24%"
"11/27/2024","1,613.00","1,612.00","1,619.00","1,590.00","472.78K","0.37%"
"11/26/2024","1,607.00","1,595.00","1,613.00","1,582.00","638.14K","0.88%"
"11/25/2024","1,593.00","1,520.00","1,593.00","1,520.00","1.69M","5.29%"
"11/22/2024","1,513.00","1,513.00","1,546.00","1,487.00","468.63K","0.87%"
"11/21/2024","1,500.00","1,582.00","1,584.00","1,484.00","970.87K","5.78%"
"11/20/2024","1,418.00","1,457.00","1,462.00","1,417.00","569.30K","-2.07%"
"11/19/2024","1,448.00","1,494.00","1,497.00","1,442.00","764.56K","-3.53%"
"11/18/2024","1,501.00","1,600.00","1,600.00","1,489.00","400.38K","-2.28%"
"11/15/2024","1,536.00","1,520.00","1,544.00","1,516.00","305.44K","0.79%"
"11/14/2024","1,524.00","1,543.00","1,564.00","1,524.00","282.89K","-0.78%"
"11/13/2024","1,536.00","1,555.00","1,555.00","1,533.00","329.98K","0.13%"
"11/12/2024","1,534.00","1,557.00","1,559.00","1,532.00","349.59K","-1.48%"
"11/11/2024","1,557.00","1,547.00","1,568.00","1,541.00","429.86K","1.43%"
"11/08/2024","1,535.00","1,545.00","1,545.00","1,507.00","547.26K","1.66%"
"11/07/2024","1,510.00","1,550.00","1,550.00","1,505.00","448.81K","-1.95%"
"11/06/2024","1,540.00","1,497.00","1,541.00","1,497.00","1.48M","2.87%"
"11/05/2024","1,497.00","1,448.00","1,499.00","1,448.00","785.41K","3.10%"
"11/04/2024","1,452.00","1,412.00","1,461.00","1,412.00","153.56K","-0.41%"
"11/01/2024","1,458.00","1,437.00","1,458.00","1,427.00","254.97K","1.46%"
"10/31/2024","1,437.00","1,400.00","1,459.00","1,400.00","300.31K","-0.35%"
"10/30/2024","1,442.00","1,425.00","1,476.00","1,405.00","669.54K","1.19%"
"10/29/2024","1,425.00","1,432.00","1,443.00","1,412.00","432.21K","-0.84%"
"10/28/2024","1,437.00","1,413.00","1,439.00","1,413.00","539.80K","2.28%"
"10/25/2024","1,405.00","1,433.00","1,450.00","1,399.00","472.35K","-1.06%"
"10/24/2024","1,420.00","1,448.00","1,456.00","1,420.00","604.29K","-0.84%"
"10/23/2024","1,432.00","1,459.00","1,468.00","1,427.00","385.83K","-1.38%"
"10/22/2024","1,452.00","1,459.00","1,459.00","1,422.00","511.49K","2.33%"
"10/21/2024","1,419.00","1,422.00","1,459.00","1,419.00","476.79K","-2.54%"
"10/18/2024","1,456.00","1,469.00","1,470.00","1,443.00","725.23K","-0.21%"
"10/17/2024","1,459.00","1,461.00","1,482.00","1,459.00","689.48K","-0.07%"
"10/16/2024","1,460.00","1,450.00","1,461.00","1,423.00","714.06K","1.53%"
"10/15/2024","1,438.00","1,440.00","1,450.00","1,425.00","499.08K","0.77%"
"10/14/2024","1,427.00","1,424.00","1,432.00","1,413.00","278.58K","0.35%"
"10/11/2024","1,422.00","1,420.00","1,430.00","1,410.00","331.97K","0.42%"
"10/10/2024","1,416.00","1,402.00","1,417.00","1,386.00","1.15M","0.93%"
"10/09/2024","1,403.00","1,390.00","1,409.00","1,387.00","473.03K","1.15%"
"10/08/2024","1,387.00","1,368.00","1,387.00","1,355.00","448.57K","1.91%"
"10/07/2024","1,361.00","1,405.00","1,405.00","1,359.00","1.14M","-4.22%"
"10/04/2024","1,421.00","1,374.00","1,476.00","1,370.00","1.56M","3.72%"
"10/03/2024","1,370.00","1,336.00","1,400.00","1,333.00","818.37K","2.54%"
"10/02/2024","1,336.00","1,360.00","1,368.00","1,318.00","788.10K","-1.84%"
"10/01/2024","1,361.00","1,400.00","1,423.00","1,360.00","618.99K","-2.79%"
"09/30/2024","1,400.00","1,435.00","1,435.00","1,398.00","646.46K","-2.10%"
"09/27/2024","1,430.00","1,436.00","1,454.00","1,430.00","512.22K","-0.42%"
"09/26/2024","1,436.00","1,440.00","1,457.00","1,424.00","636.58K","1.34%"
"09/25/2024","1,417.00","1,371.00","1,421.00","1,371.00","682.82K","1.29%"
"09/24/2024","1,399.00","1,407.00","1,435.00","1,391.00","588.99K","-0.64%"
"09/23/2024","1,408.00","1,391.00","1,411.00","1,379.00","3.60M","0.86%"
"09/20/2024","1,396.00","1,401.00","1,432.00","1,390.00","552.47K","-2.58%"
"09/19/2024","1,433.00","1,408.00","1,433.00","1,408.00","525.12K","1.70%"
"09/18/2024","1,409.00","1,400.00","1,435.00","1,400.00","617.99K","-0.84%"
"09/17/2024","1,421.00","1,401.00","1,438.00","1,401.00","347.07K","1.07%"
"09/16/2024","1,406.00","1,428.00","1,428.00","1,403.00","","-0.85%"
"09/13/2024","1,418.00","1,385.00","1,418.00","1,385.00","346.01K","2.01%"
"09/12/2024","1,390.00","1,390.00","1,424.00","1,384.00","355.00K","-0.57%"
"09/11/2024","1,398.00","1,445.00","1,447.00","1,376.00","880.63K","-4.90%"
"09/10/2024","1,470.00","1,485.00","1,485.00","1,452.00","297.50K","1.24%"
"09/09/2024","1,452.00","1,402.00","1,463.00","1,402.00","211.21K","0.90%"
"09/06/2024","1,439.00","1,470.00","1,470.00","1,433.00","276.45K","-2.11%"
"09/05/2024","1,470.00","1,436.00","1,486.00","1,412.00","483.40K","1.03%"
"09/04/2024","1,455.00","1,443.00","1,455.00","1,432.00","163.62K","-0.07%"
"09/03/2024","1,456.00","1,457.00","1,463.00","1,434.00","248.13K","0.00%"
"09/02/2024","1,456.00","1,483.00","1,483.00","1,448.00","236.21K","-1.29%"
"08/30/2024","1,475.00","1,458.00","1,480.00","1,454.00","669.65K","1.17%"
"08/29/2024","1,458.00","1,458.00","1,458.00","1,438.00","515.95K","1.25%"
"08/28/2024","1,440.00","1,452.00","1,483.00","1,440.00","755.20K","-2.44%"
"08/27/2024","1,476.00","1,417.00","1,477.00","1,404.00","771.64K","4.61%"
"08/23/2024","1,411.00","1,399.00","1,411.00","1,397.00","310.71K","0.93%"
"08/22/2024","1,398.00","1,389.00","1,412.00","1,387.00","500.06K","0.07%"
"08/21/2024","1,397.00","1,381.00","1,397.00","1,375.00","1.39M","1.23%"
"08/20/2024","1,380.00","1,372.00","1,380.00","1,368.00","255.54K","0.73%"
"08/19/2024","1,370.00","1,350.00","1,375.00","1,350.00","536.43K","0.74%"
"08/16/2024","1,360.00","1,374.00","1,374.00","1,343.00","119.29K","0.52%"
"08/15/2024","1,353.00","1,375.00","1,375.00","1,331.00","171.34K","0.37%"
"08/14/2024","1,348.00","1,378.00","1,378.00","1,331.00","259.63K","0.75%"
"08/13/2024","1,338.00","1,371.00","1,371.00","1,310.00","292.31K","0.83%"
"08/12/2024","1,327.00","1,378.00","1,378.00","1,320.00","246.53K","-0.90%"
"08/09/2024","1,339.00","1,300.00","1,341.00","1,300.00","507.95K","1.75%"
"08/08/2024","1,316.00","1,386.00","1,386.00","1,283.00","336.26K","-1.05%"
"08/07/2024","1,330.00","1,399.00","1,399.00","1,312.00","748.54K","-1.26%"
"08/06/2024","1,347.00","1,318.00","1,359.00","1,318.00","309.05K","1.81%"
"08/05/2024","1,323.00","1,375.00","1,375.00","1,307.00","1.16M","-3.71%"
"08/02/2024","1,374.00","1,322.00","1,383.00","1,322.00","398.68K","-1.15%"
"08/01/2024","1,390.00","1,447.00","1,447.00","1,388.00","624.66K","-2.11%"
"07/31/2024","1,420.00","1,402.00","1,422.00","1,402.00","828.57K","1.00%"
"07/30/2024","1,406.00","1,389.00","1,407.00","1,389.00","339.41K","0.57%"
"07/29/2024","1,398.00","1,394.00","1,411.00","1,383.00","358.31K","0.29%"
"07/26/2024","1,394.00","1,363.00","1,394.00","1,358.00","601.40K","1.83%"
"07/25/2024","1,369.00","1,345.00","1,384.00","1,329.94","346.72K","1.26%"
"07/24/2024","1,352.00","1,320.00","1,367.00","1,320.00","1.31M","2.19%"
"07/23/2024","1,323.00","1,438.00","1,438.00","1,320.00","1.51M","-3.29%"
"07/22/2024","1,368.00","1,464.00","1,465.00","1,355.00","1.37M","-5.52%"
"07/19/2024","1,448.00","1,414.00","1,450.00","1,402.00","511.65K","-0.48%"
"07/18/2024","1,455.00","1,458.00","1,464.52","1,404.00","303.70K","-0.34%"
"07/17/2024","1,460.00","1,440.00","1,460.00","1,409.00","2.28M","1.04%"
"07/16/2024","1,445.00","1,419.00","1,447.00","1,406.00","829.66K","1.05%"
"07/15/2024","1,430.00","1,419.00","1,440.88","1,398.00","729.19K","0.56%"
"07/12/2024","1,422.00","1,325.00","1,426.00","1,325.00","1.01M","5.33%"
"07/11/2024","1,350.00","1,302.00","1,367.00","1,287.09","1.37M","4.98%"
"07/10/2024","1,286.00","1,324.00","1,324.00","1,261.00","557.58K","1.02%"
"07/09/2024","1,273.00","1,312.00","1,331.00","1,273.00","467.73K","-3.78%"
"07/08/2024","1,323.00","1,315.00","1,324.00","1,307.00","323.40K","0.99%"
"07/05/2024","1,310.00","1,303.00","1,332.00","1,283.00","236.31K","0.85%"
"07/04/2024","1,299.00","1,338.00","1,338.00","1,281.00","190.36K","-0.92%"
"07/03/2024","1,311.00","1,281.00","1,312.00","1,281.00","275.42K","1.63%"
"07/02/2024","1,290.00","1,282.00","1,323.00","1,270.00","282.53K","-1.07%"
"07/01/2024","1,304.00","1,282.00","1,341.00","1,282.00","186.82K","-0.38%"
"06/28/2024","1,309.00","1,316.00","1,370.00","1,287.00","153.63K","0.15%"
"06/27/2024","1,307.00","1,283.00","1,323.00","1,283.00","235.48K","0.85%"
"06/26/2024","1,296.00","1,304.00","1,320.00","1,294.00","667.94K","-0.15%"
"06/25/2024","1,298.00","1,300.00","1,314.37","1,291.00","127.96K","-0.54%"
"06/24/2024","1,305.00","1,282.00","1,322.00","1,282.00","419.58K","1.24%"
"06/21/2024","1,289.00","1,323.00","1,323.00","1,283.00","560.08K","-1.00%"
"06/20/2024","1,302.00","1,340.00","1,340.00","1,285.50","593.67K","-0.69%"
"06/19/2024","1,311.00","1,301.00","1,328.00","1,300.00","458.20K","0.85%"
"06/18/2024","1,300.00","1,271.00","1,332.00","1,271.00","398.03K","2.04%"
"06/17/2024","1,274.00","1,252.00","1,323.00","1,252.00","177.04K","0.79%"
"06/14/2024","1,264.00","1,270.00","1,291.34","1,260.00","325.89K","-1.25%"
"06/13/2024","1,280.00","1,310.00","1,320.00","1,280.00","397.97K","-2.59%"
"06/12/2024","1,314.00","1,294.00","1,330.00","1,277.93","336.52K","1.86%"
"06/11/2024","1,290.00","1,324.00","1,324.00","1,290.00","342.00K","-1.98%"
"06/10/2024","1,316.00","1,300.00","1,324.00","1,300.00","448.43K","-0.23%"
"06/07/2024","1,319.00","1,315.00","1,346.00","1,305.00","499.38K","0.92%"
"06/06/2024","1,307.00","1,334.00","1,351.00","1,307.00","241.08K","-1.73%"
"06/05/2024","1,330.00","1,365.00","1,365.00","1,313.22","1.40M","-0.45%"
"06/04/2024","1,336.00","1,351.00","1,359.00","1,317.00","1.32M","-0.30%"
"06/03/2024","1,340.00","1,311.00","1,355.00","1,311.00","454.39K","0.90%"
"05/31/2024","1,328.00","1,364.00","1,364.00","1,311.00","489.80K","0.08%"
"05/30/2024","1,327.00","1,305.00","1,365.00","1,305.00","423.54K","1.53%"
"05/29/2024","1,307.00","1,336.00","1,348.76","1,307.00","400.12K","-2.54%"
"05/28/2024","1,341.00","1,350.00","1,370.00","1,341.00","296.63K","-0.67%"
"05/24/2024","1,350.00","1,328.00","1,425.00","1,328.00","258.76K","-0.07%"
"05/23/2024","1,351.00","1,328.00","1,369.00","1,328.00","260.83K","0.82%"
"05/22/2024","1,340.00","1,338.00","1,348.00","1,317.00","289.27K","0.15%"
"05/21/2024","1,338.00","1,328.00","1,349.37","1,325.00","240.67K","0.07%"
"05/20/2024","1,337.00","1,352.00","1,404.00","1,337.00","376.86K","-0.67%"
"05/17/2024","1,346.00","1,332.00","1,368.75","1,332.00","260.48K","0.15%"
"05/16/2024","1,344.00","1,360.00","1,400.42","1,334.00","464.89K","-1.18%"
"05/15/2024","1,360.00","1,358.00","1,416.00","1,348.00","349.17K","-0.51%"
"05/14/2024","1,367.00","1,396.00","1,402.00","1,355.81","307.77K","-1.01%"
"05/13/2024","1,381.00","1,384.00","1,396.00","1,342.00","255.41K","1.40%"
"05/10/2024","1,362.00","1,351.00","1,385.00","1,338.00","705.03K","1.64%"
"05/09/2024","1,340.00","1,368.00","1,381.00","1,330.00","820.00K","-1.47%"
"05/08/2024","1,360.00","1,330.00","1,375.00","1,330.00","753.46K","1.42%"
"05/07/2024","1,341.00","1,414.00","1,425.00","1,281.00","1.08M","-4.21%"
"05/03/2024","1,400.00","1,377.00","1,416.54","1,377.00","399.24K","0.21%"
"05/02/2024","1,397.00","1,431.00","1,459.00","1,397.00","626.11K","-1.69%"
"05/01/2024","1,421.00","1,436.00","1,438.00","1,403.00","1.25M","-1.04%"
"04/30/2024","1,436.00","1,460.00","1,460.00","1,413.00","474.57K","0.77%"
"04/29/2024","1,425.00","1,450.00","1,450.00","1,400.00","428.13K","0.71%"
"04/26/2024","1,415.00","1,401.00","1,467.54","1,388.00","753.94K","1.95%"
"04/25/2024","1,388.00","1,405.00","1,443.00","1,377.00","501.92K","-0.86%"
"04/24/2024","1,400.00","1,482.00","1,490.00","1,389.00","2.61M","-5.91%"
"04/23/2024","1,488.00","1,496.00","1,522.00","1,476.00","548.55K","-0.13%"
"04/22/2024","1,490.00","1,458.00","1,516.00","1,446.00","494.14K","3.11%"
"04/19/2024","1,445.00","1,450.05","1,466.00","1,421.00","1.16M","-1.43%"
"04/18/2024","1,466.00","1,380.00","1,466.00","1,380.00","573.70K","3.82%"
"04/17/2024","1,412.00","1,445.00","1,445.00","1,380.00","392.33K","2.32%"
"04/16/2024","1,380.00","1,403.00","1,435.00","1,375.00","669.25K","-3.56%"
"04/15/2024","1,431.00","1,435.00","1,458.00","1,410.83","761.20K","0.56%"
"04/12/2024","1,423.00","1,494.00","1,549.00","1,417.00","752.18K","-2.93%"
"04/11/2024","1,466.00","1,490.00","1,524.00","1,442.00","1.44M","-0.81%"
"04/10/2024","1,478.00","1,559.00","1,559.00","1,477.99","1.14M","-1.92%"
"04/09/2024","1,507.00","1,559.00","1,568.00","1,498.95","356.94K","-0.79%"
"04/08/2024","1,519.00","1,524.00","1,524.00","1,464.70","621.55K","3.47%"
"04/05/2024","1,468.00","1,470.00","1,491.00","1,460.00","745.29K","-2.07%"
"04/04/2024","1,499.00","1,454.00","1,501.00","1,424.00","657.49K","2.81%"
"04/03/2024","1,458.00","1,489.00","1,489.00","1,427.00","743.78K","1.25%"
"04/02/2024","1,440.00","1,450.00","1,466.00","1,428.00","505.36K","-0.14%"
"03/28/2024","1,442.00","1,426.00","1,450.00","1,414.00","444.04K","1.62%"
"03/27/2024","1,419.00","1,400.00","1,445.00","1,400.00","311.26K","-0.42%"
"03/26/2024","1,425.00","1,405.77","1,450.00","1,405.77","322.93K","0.92%"
"03/25/2024","1,412.00","1,416.00","1,433.00","1,361.00","575.47K","-0.77%"
"03/22/2024","1,423.00","1,397.00","1,448.00","1,397.00","660.51K","-0.07%"
"03/21/2024","1,424.00","1,405.00","1,437.60","1,401.00","1.10M","1.64%"
"03/20/2024","1,401.00","1,360.00","1,418.00","1,360.00","581.60K","-0.28%"
"03/19/2024","1,405.00","1,399.92","1,446.00","1,378.00","401.26K","0.36%"
"03/18/2024","1,400.00","1,404.89","1,419.00","1,363.00","596.03K","-0.36%"
"03/15/2024","1,405.00","1,409.00","1,409.00","1,373.00","825.51K","1.81%"
"03/14/2024","1,380.00","1,391.00","1,427.00","1,374.00","364.88K","0.15%"
"03/13/2024","1,378.00","1,419.00","1,419.00","1,377.00","589.82K","-1.85%"
"03/12/2024","1,404.00","1,428.00","1,430.00","1,382.00","492.16K","0.14%"
"03/11/2024","1,402.00","1,411.00","1,446.00","1,387.00","270.64K","-0.28%"
"03/08/2024","1,406.00","1,422.00","1,424.16","1,383.00","254.38K","-0.99%"
"03/07/2024","1,420.00","1,423.00","1,442.00","1,419.79","284.86K","-0.77%"
"03/06/2024","1,431.00","1,405.00","1,437.00","1,382.00","288.03K","2.51%"
"03/05/2024","1,396.00","1,411.00","1,443.00","1,395.79","502.37K","-1.34%"
"03/04/2024","1,415.00","1,444.00","1,444.00","1,383.00","315.77K","-0.77%"
"03/01/2024","1,426.00","1,395.00","1,438.00","1,386.00","579.55K","2.22%"
"02/29/2024","1,395.00","1,402.00","1,442.00","1,386.79","957.38K","-0.50%"
"02/28/2024","1,402.00","1,417.00","1,444.00","1,389.00","1.07M","-1.82%"
"02/27/2024","1,428.00","1,420.00","1,442.00","1,411.00","862.96K","0.07%"
"02/26/2024","1,427.00","1,414.00","1,445.00","1,392.00","845.12K","1.78%"
"02/23/2024","1,402.00","1,400.00","1,407.00","1,384.00","560.90K","0.14%"
"02/22/2024","1,400.00","1,387.00","1,418.00","1,384.00","257.15K","0.00%"
"02/21/2024","1,400.00","1,405.00","1,418.00","1,383.99","614.13K","-0.28%"
"02/20/2024","1,404.00","1,390.00","1,404.00","1,376.00","520.67K","1.23%"
"02/19/2024","1,387.00","1,372.00","1,393.00","1,349.93","386.61K","1.31%"
"02/16/2024","1,369.00","1,370.00","1,398.00","1,349.00","643.41K","0.66%"
"02/15/2024","1,360.00","1,380.00","1,403.00","1,331.60","1.90M","2.56%"
"02/14/2024","1,326.00","1,333.00","1,350.00","1,321.82","531.37K","-0.97%"
"02/13/2024","1,339.00","1,325.00","1,359.00","1,317.35","980.91K","1.52%"
"02/12/2024","1,319.00","1,272.00","1,332.00","1,272.00","886.44K","1.38%"
"02/09/2024","1,301.00","1,296.00","1,327.00","1,285.00","362.54K","-0.54%"
"02/08/2024","1,308.00","1,323.00","1,336.75","1,297.00","732.34K","-1.13%"
"02/07/2024","1,323.00","1,317.00","1,329.00","1,306.00","324.71K","0.99%"
"02/06/2024","1,310.00","1,298.00","1,320.00","1,276.00","431.86K","1.55%"
"02/05/2024","1,290.00","1,315.00","1,338.01","1,289.97","792.32K","-2.57%"
"02/02/2024","1,324.00","1,327.00","1,354.00","1,305.00","495.57K","0.53%"
"02/01/2024","1,317.00","1,334.00","1,341.00","1,310.00","650.97K","-1.42%"
"01/31/2024","1,336.00","1,310.00","1,352.00","1,310.00","531.51K","0.38%"
"01/30/2024","1,331.00","1,335.00","1,352.00","1,296.00","532.43K","-0.30%"
"01/29/2024","1,335.00","1,292.00","1,350.00","1,292.00","1.00M","-0.07%"
"01/26/2024","1,336.00","1,331.00","1,343.00","1,297.00","803.79K","0.91%"
"01/25/2024","1,324.00","1,329.00","1,341.00","1,292.00","383.44K","-0.60%"
"01/24/2024","1,332.00","1,292.00","1,337.00","1,292.00","428.77K","2.07%"
"01/23/2024","1,305.00","1,330.00","1,344.00","1,298.00","570.99K","0.08%"
"01/22/2024","1,304.00","1,252.00","1,308.66","1,252.00","625.65K","2.68%"
"01/19/2024","1,270.00","1,297.00","1,297.00","1,268.00","274.40K","-0.78%"
"01/18/2024","1,280.00","1,277.00","1,284.00","1,263.00","306.81K","0.79%"
"01/17/2024","1,270.00","1,250.00","1,309.00","1,250.00","311.74K","-0.86%"
"01/16/2024","1,281.00","1,318.00","1,318.00","1,251.00","480.14K","-1.39%"
"01/15/2024","1,299.00","1,280.00","1,304.50","1,270.00","635.48K","2.04%"
"01/12/2024","1,273.00","1,271.00","1,276.00","1,231.80","837.43K","1.68%"
"01/11/2024","1,252.00","1,244.00","1,264.00","1,236.00","605.21K","0.56%"
"01/10/2024","1,245.00","1,243.00","1,270.00","1,230.00","342.38K","-1.50%"
"01/09/2024","1,264.00","1,274.00","1,274.00","1,246.00","367.75K","-0.39%"
"01/08/2024","1,269.00","1,275.00","1,275.00","1,223.06","431.10K","1.68%"
"01/05/2024","1,248.00","1,242.00","1,274.00","1,221.00","558.90K","0.48%"
"01/04/2024","1,242.00","1,272.00","1,272.00","1,202.00","441.54K","2.14%"
"01/03/2024","1,216.00","1,259.00","1,260.00","1,210.50","280.86K","-2.33%"
"01/02/2024","1,245.00","1,245.00","1,280.75","1,227.00","332.86K","-0.32%"
"12/29/2023","1,249.00","1,220.00","1,270.00","1,220.00","261.92K","-1.19%"
"12/28/2023","1,264.00","1,290.00","1,290.13","1,254.00","215.08K","-0.94%"
"12/27/2023","1,276.00","1,267.00","1,303.00","1,249.00","323.89K","-2.00%"
"12/22/2023","1,302.00","1,320.00","1,321.00","1,295.00","132.14K","-1.21%"
"12/21/2023","1,318.00","1,291.00","1,324.00","1,291.00","258.93K","0.23%"
"12/20/2023","1,315.00","1,305.00","1,323.00","1,240.00","337.19K","1.62%"
"12/19/2023","1,294.00","1,276.00","1,301.05","1,262.80","476.49K","1.89%"
"12/18/2023","1,270.00","1,270.00","1,284.00","1,217.00","364.86K","-0.86%"
"12/15/2023","1,281.00","1,290.00","1,297.00","1,264.00","470.96K","0.08%"
"12/14/2023","1,280.00","1,258.00","1,298.00","1,248.00","2.54M","3.73%"
"12/13/2023","1,234.00","1,246.00","1,260.00","1,223.06","592.68K","-0.72%"
"12/12/2023","1,243.00","1,236.00","1,254.36","1,215.00","507.62K","0.24%"
"12/11/2023","1,240.00","1,224.00","1,240.51","1,213.00","2.23M","0.65%"
"12/08/2023","1,232.00","1,222.00","1,235.94","1,211.00","504.02K","0.74%"
"12/07/2023","1,223.00","1,199.40","1,236.00","1,199.40","528.29K","-0.24%"
"12/06/2023","1,226.00","1,171.00","1,231.10","1,171.00","1.16M","2.34%"
"12/05/2023","1,198.00","1,217.00","1,217.00","1,183.61","460.14K","-0.58%"
"12/04/2023","1,205.00","1,190.00","1,233.00","1,190.00","481.79K","-1.55%"
"12/01/2023","1,224.00","1,230.00","1,230.00","1,182.00","292.10K","1.83%"
"11/30/2023","1,202.00","1,220.00","1,223.00","1,171.00","1.04M","-0.74%"
"11/29/2023","1,211.00","1,189.00","1,219.00","1,144.00","653.99K","1.85%"
"11/28/2023","1,189.00","1,177.00","1,200.00","1,127.00","417.93K","2.41%"
"11/27/2023","1,161.00","1,083.00","1,170.00","1,083.00","589.85K","2.74%"
"11/24/2023","1,130.00","1,075.00","1,142.00","1,075.00","689.50K","0.80%"
"11/23/2023","1,121.00","1,168.00","1,189.00","1,066.00","1.34M","-0.88%"
"11/22/2023","1,131.00","1,133.00","1,160.00","1,109.00","378.57K","-0.44%"
"11/21/2023","1,136.00","1,126.00","1,204.00","1,126.00","216.81K","-2.57%"
"11/20/2023","1,166.00","1,150.00","1,198.00","1,136.00","212.89K","-1.10%"
"11/17/2023","1,179.00","1,186.00","1,200.00","1,161.00","217.62K","1.46%"
"11/16/2023","1,162.00","1,205.00","1,205.00","1,154.00","424.06K","-1.61%"
"11/15/2023","1,181.00","1,141.00","1,194.00","1,130.00","633.91K","4.24%"
"11/14/2023","1,133.00","1,130.00","1,150.00","1,054.62","577.70K","3.09%"
"11/13/2023","1,099.00","1,101.00","1,124.00","1,061.54","185.33K","1.67%"
"11/10/2023","1,081.00","1,099.00","1,100.00","1,061.00","276.00K","-1.99%"
"11/09/2023","1,103.00","1,111.00","1,113.00","1,072.00","349.64K","0.27%"
"11/08/2023","1,100.00","1,000.00","1,100.00","1,000.00","575.14K","4.56%"
"11/07/2023","1,052.00","1,018.00","1,067.00","1,018.00","453.91K","-0.57%"
"11/06/2023","1,058.00","1,041.00","1,098.00","1,041.00","449.56K","1.15%"
"11/03/2023","1,046.00","1,049.00","1,063.00","1,022.00","549.28K","1.65%"
"11/02/2023","1,029.00","1,020.00","1,058.00","1,014.00","516.02K","1.18%"
"11/01/2023","1,017.00","1,050.00","1,050.00","994.50","347.53K","1.50%"
"10/31/2023","1,002.00","994.50","1,041.00","994.50","466.86K","0.00%"
"10/30/2023","1,002.00","995.00","1,046.00","991.00","284.01K","0.35%"
"10/27/2023","998.50","1,039.00","1,039.00","960.00","295.57K","0.71%"
"10/26/2023","991.50","980.00","1,027.00","971.50","316.87K","-1.15%"
"10/25/2023","1,003.00","1,039.00","1,039.00","985.00","334.51K","-0.20%"
"10/24/2023","1,005.00","1,034.00","1,034.00","993.00","563.55K","-0.10%"
"10/23/2023","1,006.00","1,017.00","1,017.00","971.00","210.57K","0.65%"
"10/20/2023","999.50","1,019.00","1,019.00","988.62","270.78K","-0.84%"
"10/19/2023","1,008.00","1,005.00","1,038.66","1,000.00","392.22K","-0.98%"
"10/18/2023","1,018.00","1,053.00","1,069.00","1,006.29","333.04K","-2.30%"
"10/17/2023","1,042.00","1,038.00","1,082.00","1,032.00","136.42K","0.77%"
"10/16/2023","1,034.00","1,031.00","1,090.00","1,031.00","256.84K","-1.24%"
"10/13/2023","1,047.00","1,051.00","1,085.00","1,037.00","296.33K","-1.60%"
"10/12/2023","1,064.00","1,073.00","1,085.00","1,051.04","168.71K","0.00%"
"10/11/2023","1,064.00","1,058.00","1,090.00","1,058.00","231.73K","-0.75%"
"10/10/2023","1,072.00","1,070.00","1,072.00","1,027.00","516.77K","4.48%"
"10/09/2023","1,026.00","1,072.00","1,097.00","1,026.00","623.46K","-5.44%"
"10/06/2023","1,085.00","1,074.00","1,099.00","1,063.00","253.59K","1.02%"
"10/05/2023","1,074.00","1,030.00","1,082.00","1,030.00","273.92K","3.07%"
"10/04/2023","1,042.00","1,041.00","1,090.00","1,025.00","550.83K","-0.86%"
"10/03/2023","1,051.00","1,038.00","1,092.00","1,038.00","315.83K","-1.78%"
"10/02/2023","1,070.00","1,076.00","1,103.00","1,062.00","492.10K","-1.20%"
"09/29/2023","1,083.00","1,100.00","1,100.00","1,068.00","459.42K","1.98%"
"09/28/2023","1,062.00","1,056.00","1,074.00","1,037.20","208.74K","0.19%"
"09/27/2023","1,060.00","1,060.00","1,071.76","1,055.00","124.43K","-0.38%"
"09/26/2023","1,064.00","1,068.00","1,118.00","1,058.00","275.44K","-0.84%"
"09/25/2023","1,073.00","1,058.00","1,094.00","1,052.00","240.67K","-2.54%"
"09/22/2023","1,101.00","1,070.00","1,107.00","1,070.00","256.43K","-1.17%"
"09/21/2023","1,114.00","1,110.00","1,117.00","1,092.00","307.63K","-0.27%"
"09/20/2023","1,117.00","1,058.00","1,129.00","1,058.00","476.03K","3.62%"
"09/19/2023","1,078.00","1,120.00","1,120.00","1,074.00","172.94K","-1.37%"
"09/18/2023","1,093.00","1,100.00","1,114.00","1,090.00","271.14K","-1.53%"
"09/15/2023","1,110.00","1,102.00","1,132.24","1,102.00","328.53K","-0.54%"
"09/14/2023","1,116.00","1,150.00","1,159.00","1,102.00","434.22K","-1.67%"
"09/13/2023","1,135.00","1,170.00","1,170.00","1,130.00","489.07K","-1.39%"
"09/12/2023","1,151.00","1,119.00","1,162.00","1,112.00","518.51K","4.83%"
"09/11/2023","1,098.00","1,100.00","1,108.00","1,083.00","154.73K","1.01%"
"09/08/2023","1,087.00","1,100.00","1,146.00","1,080.96","282.19K","-0.37%"
"09/07/2023","1,091.00","1,065.00","1,130.38","1,052.00","946.07K","6.34%"
"09/06/2023","1,026.00","1,031.00","1,049.00","1,018.00","547.13K","-2.56%"
"09/05/2023","1,053.00","1,031.00","1,057.00","1,031.00","172.03K","-0.28%"
"09/04/2023","1,056.00","1,060.00","1,087.00","1,038.00","144.38K","-0.38%"
"09/01/2023","1,060.00","1,042.00","1,063.00","1,042.00","414.13K","0.47%"
"08/31/2023","1,055.00","1,041.00","1,070.00","1,038.00","906.66K","0.57%"
"08/30/2023","1,049.00","1,055.00","1,100.00","1,041.02","362.40K","-2.42%"
"08/29/2023","1,075.00","1,078.00","1,083.80","1,051.00","495.63K","2.09%"
"08/25/2023","1,053.00","1,091.00","1,091.00","1,053.00","394.66K","-0.94%"
"08/24/2023","1,063.00","1,100.00","1,103.00","1,063.00","509.47K","-1.39%"
"08/23/2023","1,078.00","1,039.00","1,091.00","1,039.00","413.58K","-0.74%"
"08/22/2023","1,086.00","1,034.00","1,113.00","1,034.00","245.33K","1.40%"
"08/21/2023","1,071.00","1,078.00","1,080.80","1,040.00","268.10K","-0.74%"
"08/18/2023","1,079.00","1,110.00","1,110.00","1,044.00","329.22K","-0.74%"
"08/17/2023","1,087.00","1,133.00","1,142.00","1,081.31","420.06K","-4.90%"
"08/16/2023","1,143.00","1,110.00","1,145.38","1,107.40","201.84K","2.88%"
"08/15/2023","1,111.00","1,114.00","1,130.00","1,107.00","241.99K","-1.59%"
"08/14/2023","1,129.00","1,121.00","1,135.49","1,100.00","287.53K","0.80%"
"08/11/2023","1,120.00","1,133.00","1,138.00","1,119.00","264.74K","-1.15%"
"08/10/2023","1,133.00","1,135.00","1,150.00","1,130.99","206.67K","-0.09%"
"08/09/2023","1,134.00","1,146.00","1,161.00","1,134.00","413.61K","-0.79%"
"08/08/2023","1,143.00","1,160.00","1,160.00","1,125.00","338.32K","-0.09%"
"08/07/2023","1,144.00","1,190.00","1,190.00","1,139.54","174.82K","-0.26%"
"08/04/2023","1,147.00","1,160.00","1,160.00","1,128.09","509.49K","1.87%"
"08/03/2023","1,126.00","1,168.00","1,168.00","1,098.00","382.33K","0.36%"
"08/02/2023","1,122.00","1,110.00","1,159.00","1,094.00","633.79K","-1.41%"
"08/01/2023","1,138.00","1,149.00","1,161.00","1,109.00","750.14K","1.25%"
"07/31/2023","1,124.00","1,149.00","1,149.00","1,124.00","369.80K","0.09%"
"07/28/2023","1,123.00","1,159.00","1,159.00","1,111.00","377.96K","-0.62%"
"07/27/2023","1,130.00","1,141.00","1,163.00","1,123.00","314.03K","-1.31%"
"07/26/2023","1,145.00","1,127.00","1,154.00","1,127.00","247.26K","1.60%"
"07/25/2023","1,127.00","1,145.00","1,167.00","1,127.00","371.54K","-1.57%"
"07/24/2023","1,145.00","1,173.00","1,179.00","1,137.00","1.05M","-4.10%"
"07/21/2023","1,194.00","1,210.00","1,244.00","1,189.33","402.35K","-2.13%"
"07/20/2023","1,220.00","1,230.00","1,248.00","1,219.66","505.93K","-0.65%"
"07/19/2023","1,228.00","1,222.00","1,237.00","1,126.00","778.89K","3.37%"
"07/18/2023","1,188.00","1,171.00","1,191.00","1,127.00","787.30K","1.71%"
"07/17/2023","1,168.00","1,197.00","1,209.00","1,158.00","885.80K","-2.42%"
"07/14/2023","1,197.00","1,140.00","1,207.01","1,140.00","911.77K","3.55%"
"07/13/2023","1,156.00","1,139.00","1,173.00","1,096.00","1.80M","4.14%"
"07/12/2023","1,110.00","1,143.00","1,143.00","1,105.00","496.02K","-0.45%"
"07/11/2023","1,115.00","1,128.00","1,147.00","1,109.66","1.20M","-1.59%"
"07/10/2023","1,133.00","1,155.00","1,169.00","1,126.00","702.72K","-2.75%"
"07/07/2023","1,165.00","1,132.00","1,171.00","1,100.00","1.15M","3.01%"
"07/06/2023","1,131.00","1,162.00","1,173.00","1,072.00","4.22M","-10.45%"
"07/05/2023","1,263.00","1,261.00","1,281.85","1,249.00","616.89K","-1.56%"
"07/04/2023","1,283.00","1,248.00","1,297.00","1,248.00","581.16K","0.79%"
"07/03/2023","1,273.00","1,261.00","1,284.00","1,249.00","574.99K","2.17%"
"06/30/2023","1,246.00","1,252.00","1,261.00","1,237.00","700.49K","0.00%"
"06/29/2023","1,246.00","1,204.00","1,253.00","1,204.00","437.87K","0.81%"
"06/28/2023","1,236.00","1,225.00","1,244.00","1,200.00","811.88K","2.57%"
"06/27/2023","1,205.00","1,184.00","1,219.00","1,184.00","522.13K","1.77%"
"06/26/2023","1,184.00","1,178.00","1,230.00","1,165.00","2.38M","-0.17%"
"06/23/2023","1,186.00","1,240.00","1,240.00","1,177.00","925.47K","-4.05%"
"06/22/2023","1,236.00","1,254.00","1,270.00","1,227.00","503.22K","-2.83%"
"06/21/2023","1,272.00","1,282.00","1,290.00","1,247.00","418.33K","0.63%"
"06/20/2023","1,264.00","1,269.00","1,284.00","1,260.00","247.44K","-0.63%"
"06/19/2023","1,272.00","1,251.00","1,285.00","1,251.00","324.35K","1.11%"
"06/16/2023","1,258.00","1,260.00","1,275.00","1,253.00","1.14M","0.64%"
"06/15/2023","1,250.00","1,250.00","1,258.00","1,215.00","2.56M","1.05%"
"06/14/2023","1,237.00","1,246.00","1,294.00","1,221.00","4.14M","0.65%"
"06/13/2023","1,229.00","1,210.00","1,299.00","1,210.00","1.12M","0.16%"
"06/12/2023","1,227.00","1,273.00","1,289.00","1,225.00","706.34K","-4.74%"
"06/09/2023","1,288.00","1,292.00","1,304.00","1,260.00","427.65K","-1.30%"
"06/08/2023","1,305.00","1,235.00","1,305.56","1,235.00","305.98K","1.24%"
"06/07/2023","1,289.00","1,293.00","1,298.00","1,241.00","255.57K","0.94%"
"06/06/2023","1,277.00","1,271.00","1,294.00","1,254.00","698.96K","0.47%"
"06/05/2023","1,271.00","1,280.00","1,298.00","1,239.00","581.02K","0.63%"
"06/02/2023","1,263.00","1,230.00","1,274.00","1,201.00","457.58K","3.10%"
"06/01/2023","1,225.00","1,219.00","1,227.00","1,168.44","218.94K","2.42%"
"05/31/2023","1,196.00","1,218.00","1,240.00","1,185.00","944.85K","-0.50%"
"05/30/2023","1,202.00","1,230.00","1,248.00","1,178.90","295.76K","0.75%"
"05/26/2023","1,193.00","1,242.00","1,242.00","1,179.00","337.18K","-1.00%"
"05/25/2023","1,205.00","1,204.00","1,223.54","1,167.00","332.45K","1.60%"
"05/24/2023","1,186.00","1,250.00","1,261.00","1,177.00","385.16K","-3.66%"
"05/23/2023","1,231.00","1,226.00","1,273.00","1,220.00","355.21K","-0.57%"
"05/22/2023","1,238.00","1,230.00","1,272.00","1,226.00","251.61K","0.90%"
"05/19/2023","1,227.00","1,209.00","1,272.00","1,209.00","229.38K","-2.54%"
"05/18/2023","1,259.00","1,300.00","1,307.03","1,248.00","347.91K","-2.63%"
"05/17/2023","1,293.00","1,250.00","1,293.00","1,210.00","477.10K","2.29%"
"05/16/2023","1,264.00","1,255.00","1,268.00","1,231.00","542.13K","1.20%"
"05/15/2023","1,249.00","1,247.00","1,250.00","1,232.00","215.99K","1.13%"
"05/12/2023","1,235.00","1,190.00","1,244.00","1,190.00","370.12K","1.65%"
"05/11/2023","1,215.00","1,214.00","1,223.00","1,197.35","553.91K","0.33%"
"05/10/2023","1,211.00","1,202.00","1,230.00","1,195.00","994.13K","1.34%"
"05/09/2023","1,195.00","1,194.00","1,211.00","1,169.00","694.28K","1.10%"
"05/05/2023","1,182.00","1,160.00","1,194.00","1,160.00","532.86K","0.17%"
"05/04/2023","1,180.00","1,150.00","1,190.00","1,150.00","295.57K","-0.59%"
"05/03/2023","1,187.00","1,220.00","1,220.00","1,163.00","532.64K","-0.50%"
"05/02/2023","1,193.00","1,168.00","1,228.00","1,166.00","851.61K","-2.69%"
"04/28/2023","1,226.00","1,238.00","1,238.00","1,210.63","406.75K","1.07%"
"04/27/2023","1,213.00","1,229.00","1,235.00","1,210.00","373.95K","0.17%"
"04/26/2023","1,211.00","1,276.00","1,276.00","1,195.00","517.10K","-0.41%"
"04/25/2023","1,216.00","1,240.00","1,268.00","1,214.00","1.20M","-3.11%"
"04/24/2023","1,255.00","1,250.00","1,310.00","1,250.00","367.25K","-2.26%"
"04/21/2023","1,284.00","1,296.00","1,300.00","1,249.00","598.90K","-0.85%"
"04/20/2023","1,295.00","1,360.00","1,368.00","1,295.00","875.63K","-2.19%"
"04/19/2023","1,324.00","1,320.00","1,332.00","1,301.00","521.91K","0.15%"
"04/18/2023","1,322.00","1,327.00","1,345.00","1,306.00","541.91K","0.46%"
"04/17/2023","1,316.00","1,258.00","1,316.00","1,258.00","482.58K","2.97%"
"04/14/2023","1,278.00","1,295.00","1,295.00","1,241.00","535.26K","0.63%"
"04/13/2023","1,270.00","1,277.00","1,299.00","1,235.00","471.01K","-0.55%"
"04/12/2023","1,277.00","1,300.00","1,312.80","1,260.00","834.51K","-2.15%"
"04/11/2023","1,305.00","1,270.00","1,308.00","1,261.00","538.15K","3.08%"
"04/06/2023","1,266.00","1,250.00","1,268.00","1,233.00","330.50K","1.77%"
"04/05/2023","1,244.00","1,308.00","1,311.00","1,238.00","637.57K","-2.96%"
"04/04/2023","1,282.00","1,250.00","1,304.00","1,250.00","353.93K","-0.16%"
"04/03/2023","1,284.00","1,316.00","1,329.00","1,281.00","353.81K","-2.17%"
"03/31/2023","1,312.50","1,321.00","1,342.18","1,312.00","2.59M","0.04%"
"03/30/2023","1,312.00","1,274.00","1,347.00","1,274.00","1.19M","1.59%"
"03/29/2023","1,291.50","1,274.00","1,303.00","1,269.30","509.97K","1.69%"
"03/28/2023","1,270.00","1,264.50","1,294.50","1,254.50","1.45M","-0.12%"
"03/27/2023","1,271.50","1,275.00","1,291.00","1,247.00","574.26K","0.67%"
"03/24/2023","1,263.00","1,260.00","1,283.00","1,222.00","1.44M","-1.21%"
"03/23/2023","1,278.50","1,264.00","1,281.36","1,244.50","808.77K","0.75%"
"03/22/2023","1,269.00","1,292.00","1,292.50","1,256.00","747.01K","-0.74%"
"03/21/2023","1,278.50","1,256.00","1,284.50","1,237.50","1.58M","3.27%"
"03/20/2023","1,238.00","1,224.00","1,270.00","1,200.50","1.88M","1.14%"
"03/17/2023","1,224.00","1,310.00","1,310.00","1,220.12","1.08M","-4.15%"
"03/16/2023","1,277.00","1,284.50","1,314.00","1,247.50","1.16M","0.27%"
"03/15/2023","1,273.50","1,300.00","1,359.50","1,273.50","844.26K","-4.71%"
"03/14/2023","1,336.50","1,295.00","1,350.50","1,272.00","979.49K","3.01%"
"03/13/2023","1,297.50","1,339.00","1,362.00","1,286.00","804.20K","-3.10%"
"03/10/2023","1,339.00","1,360.00","1,360.00","1,314.50","615.75K","-1.90%"
"03/09/2023","1,365.00","1,375.50","1,392.50","1,347.00","778.53K","-1.19%"
"03/08/2023","1,381.50","1,369.50","1,394.50","1,332.50","903.66K","1.69%"
"03/07/2023","1,358.50","1,339.00","1,365.50","1,297.24","423.07K","1.42%"
"03/06/2023","1,339.50","1,316.00","1,339.50","1,291.50","454.62K","1.79%"
"03/03/2023","1,316.00","1,308.00","1,342.00","1,290.00","526.02K","0.34%"
"03/02/2023","1,311.50","1,293.50","1,319.00","1,293.50","465.70K","-0.19%"
"03/01/2023","1,314.00","1,330.00","1,330.00","1,270.50","502.80K","1.58%"
"02/28/2023","1,293.50","1,294.00","1,305.00","1,271.50","669.91K","-0.35%"
"02/27/2023","1,298.00","1,291.00","1,307.00","1,274.50","387.57K","2.08%"
"02/24/2023","1,271.50","1,299.00","1,302.00","1,271.50","759.80K","-2.15%"
"02/23/2023","1,299.50","1,263.50","1,299.50","1,240.63","405.05K","2.81%"
"02/22/2023","1,264.00","1,284.50","1,288.50","1,248.50","396.72K","-1.52%"
"02/21/2023","1,283.50","1,296.53","1,300.50","1,280.50","224.90K","-0.54%"
"02/20/2023","1,290.50","1,325.00","1,341.50","1,287.00","765.26K","-0.81%"
"02/17/2023","1,301.00","1,300.00","1,310.00","1,274.00","308.86K","0.74%"
"02/16/2023","1,291.50","1,257.50","1,299.50","1,257.50","1.35M","0.19%"
"02/15/2023","1,289.00","1,241.00","1,293.50","1,241.00","460.31K","2.83%"
"02/14/2023","1,253.50","1,250.00","1,258.50","1,194.00","469.05K","2.41%"
"02/13/2023","1,224.00","1,200.00","1,226.00","1,173.50","385.06K","1.70%"
"02/10/2023","1,203.50","1,244.00","1,248.00","1,193.88","907.43K","-3.49%"
"02/09/2023","1,247.00","1,244.00","1,257.50","1,234.50","683.03K","0.20%"
"02/08/2023","1,244.50","1,214.00","1,261.50","1,212.50","721.75K","0.77%"
"02/07/2023","1,235.00","1,270.00","1,270.00","1,227.00","583.13K","-0.72%"
"02/06/2023","1,244.00","1,232.00","1,255.50","1,220.00","692.59K","-0.80%"
"02/03/2023","1,254.00","1,274.00","1,274.00","1,234.50","1.25M","-0.04%"
"02/02/2023","1,254.50","1,248.00","1,266.00","1,230.50","2.59M","1.95%"
"02/01/2023","1,230.50","1,221.50","1,247.50","1,215.50","695.81K","1.28%"
"01/31/2023","1,215.00","1,180.00","1,225.00","1,180.00","858.93K","-0.65%"
"01/30/2023","1,223.00","1,240.00","1,244.50","1,195.50","1.11M","-0.89%"
"01/27/2023","1,234.00","1,226.00","1,234.00","1,191.00","946.87K","2.24%"
"01/26/2023","1,207.00","1,188.50","1,234.50","1,183.50","3.58M","2.51%"
"01/25/2023","1,177.50","1,148.00","1,205.00","1,129.50","2.18M","3.02%"
"01/24/2023","1,143.00","1,136.00","1,144.50","1,111.00","601.98K","1.33%"
"01/23/2023","1,128.00","1,114.00","1,141.50","1,114.00","1.35M","0.71%"
"01/20/2023","1,120.00","1,090.00","1,120.00","1,069.79","437.66K","3.75%"
"01/19/2023","1,079.50","1,073.50","1,082.50","1,054.50","1.49M","0.42%"
"01/18/2023","1,075.00","1,074.50","1,098.50","1,034.50","668.26K","2.58%"
"01/17/2023","1,048.00","1,030.00","1,071.50","1,030.00","673.40K","-0.80%"
"01/16/2023","1,056.50","1,074.00","1,101.00","1,054.00","691.50K","-1.31%"
"01/13/2023","1,070.50","1,135.00","1,135.00","1,070.50","1.37M","-3.25%"
"01/12/2023","1,106.50","1,050.00","1,106.50","1,028.50","1.41M","7.32%"
"01/11/2023","1,031.00","1,020.00","1,052.50","1,020.00","523.01K","-0.63%"
"01/10/2023","1,037.50","1,060.00","1,060.00","1,025.00","363.87K","-1.94%"
"01/09/2023","1,058.00","1,038.50","1,063.05","1,025.50","535.75K","3.83%"
"01/06/2023","1,019.00","1,000.00","1,039.50","973.60","375.73K","-0.78%"
"01/05/2023","1,027.00","978.20","1,031.50","978.20","833.49K","4.20%"
"01/04/2023","985.60","949.00","993.40","934.80","490.76K","4.63%"
"01/03/2023","942.00","958.80","979.80","931.00","468.44K","-1.71%"
"12/30/2022","958.40","963.80","963.80","945.40","138.80K","-0.75%"
"12/29/2022","965.60","967.00","974.40","952.14","238.85K","-2.07%"
"12/28/2022","986.00","1,008.50","1,008.50","961.60","233.35K","-0.80%"
"12/23/2022","994.00","1,014.00","1,014.00","981.40","400.40K","-0.52%"
"12/22/2022","999.20","1,004.50","1,013.03","988.20","440.49K","0.48%"
"12/21/2022","994.40","936.20","1,000.50","936.20","866.09K","3.71%"
"12/20/2022","958.80","980.00","999.40","956.00","242.73K","-3.15%"
"12/19/2022","990.00","999.80","1,004.50","967.60","558.39K","-0.70%"
"12/16/2022","997.00","980.00","1,002.00","977.20","726.43K","0.22%"
"12/15/2022","994.80","970.00","1,003.50","967.20","669.65K","1.57%"
"12/14/2022","979.40","990.00","1,000.50","975.60","889.33K","-1.53%"
"12/13/2022","994.60","995.20","1,014.50","982.80","376.53K","0.28%"
"12/12/2022","991.80","970.00","996.60","970.00","329.31K","-0.26%"
"12/09/2022","994.40","1,006.50","1,006.50","978.49","428.95K","0.49%"
"12/08/2022","989.60","970.00","1,000.50","961.47","589.49K","2.40%"
"12/07/2022","966.40","996.80","996.80","964.00","738.27K","-2.44%"
"12/06/2022","990.60","992.00","1,014.00","987.80","1.42M","-2.64%"
"12/05/2022","1,017.50","995.60","1,026.00","995.60","498.15K","1.65%"
"12/02/2022","1,001.00","995.80","1,023.50","993.20","661.64K","-0.15%"
"12/01/2022","1,002.50","1,034.00","1,035.00","990.00","4.87M","-0.50%"
"11/30/2022","1,007.50","1,025.00","1,025.00","983.40","1.66M","-1.47%"
"11/29/2022","1,022.50","1,033.00","1,033.00","994.00","779.35K","-0.82%"
"11/28/2022","1,031.00","1,020.00","1,053.00","992.00","1.28M","2.38%"
"11/25/2022","1,007.00","920.00","1,035.00","902.00","1.32M","9.72%"
"11/24/2022","917.80","912.00","948.63","877.20","8.31M","2.92%"
"11/23/2022","891.80","890.00","898.18","857.60","1.45M","2.81%"
"11/22/2022","867.40","887.00","900.00","866.80","1.15M","-3.11%"
"11/21/2022","895.20","917.40","917.40","861.00","622.75K","-0.56%"
"11/18/2022","900.20","951.40","951.40","872.80","1.27M","-1.29%"
"11/17/2022","912.00","966.60","966.60","905.40","252.10K","-1.23%"
"11/16/2022","923.40","960.00","960.82","915.00","464.29K","-2.02%"
"11/15/2022","942.40","982.20","982.20","921.00","351.54K","-0.42%"
"11/14/2022","946.40","948.20","964.60","915.82","462.96K","0.34%"
"11/11/2022","943.20","915.20","969.20","915.20","308.05K","0.34%"
"11/10/2022","940.00","875.00","947.60","875.00","425.63K","3.87%"
"11/09/2022","905.00","929.40","933.22","896.40","444.31K","-2.75%"
"11/08/2022","930.60","913.60","930.60","867.80","373.06K","2.62%"
"11/07/2022","906.80","876.40","919.00","860.00","731.37K","3.28%"
"11/04/2022","878.00","885.00","895.80","863.20","1.59M","1.83%"
"11/03/2022","862.20","867.00","877.60","841.00","733.24K","-0.55%"
"11/02/2022","867.00","876.60","876.60","843.20","774.58K","0.16%"
"11/01/2022","865.60","858.40","883.40","850.40","893.95K","1.86%"
"10/31/2022","849.80","842.00","871.00","842.00","531.04K","0.78%"
"10/28/2022","843.20","853.00","858.20","831.89","480.17K","-1.75%"
"10/27/2022","858.20","836.80","874.60","822.60","616.77K","3.60%"
"10/26/2022","828.40","780.80","831.20","780.80","910.66K","4.31%"
"10/25/2022","794.20","779.20","805.20","764.00","801.78K","3.95%"
"10/24/2022","764.00","753.40","792.80","753.40","555.01K","1.35%"
"10/21/2022","753.80","762.40","768.40","739.40","522.20K","-1.41%"
"10/20/2022","764.60","752.40","773.60","737.00","481.14K","0.37%"
"10/19/2022","761.80","712.40","772.80","712.40","655.61K","3.59%"
"10/18/2022","735.40","737.40","759.80","722.60","957.90K","0.27%"
"10/17/2022","733.40","724.60","740.20","690.20","317.54K","4.50%"
"10/14/2022","701.80","715.00","717.40","686.40","797.22K","2.24%"
"10/13/2022","686.40","667.80","694.20","637.40","851.13K","2.79%"
"10/12/2022","667.80","708.20","708.20","654.43","437.31K","-2.62%"
"10/11/2022","685.80","700.00","700.00","681.80","692.85K","-1.15%"
"10/10/2022","693.80","681.60","707.60","675.60","209.71K","-1.28%"
"10/07/2022","702.80","712.20","732.20","698.00","151.00K","-1.40%"
"10/06/2022","712.80","700.00","737.80","700.00","537.33K","0.11%"
"10/05/2022","712.00","748.20","748.20","701.80","425.05K","-2.73%"
"10/04/2022","732.00","697.80","741.60","689.20","1.03M","6.64%"
"10/03/2022","686.40","675.00","698.80","661.80","1.25M","-0.95%"
"09/30/2022","693.00","730.00","733.80","679.14","881.15K","-2.20%"
"09/29/2022","708.60","705.00","722.80","696.60","673.10K","-2.02%"
"09/28/2022","723.20","760.00","780.60","698.00","899.20K","-4.21%"
"09/27/2022","755.00","795.40","831.20","752.40","447.50K","-4.98%"
"09/26/2022","794.60","800.00","810.20","784.00","883.45K","-0.92%"
"09/23/2022","802.00","857.80","857.80","796.00","1.68M","-4.73%"
"09/22/2022","841.80","820.40","852.20","820.40","486.47K","-0.19%"
"09/21/2022","843.40","873.00","880.20","822.00","521.72K","-3.17%"
"09/20/2022","871.00","869.60","875.60","827.60","649.60K","2.91%"
"09/16/2022","846.40","869.60","869.60","829.80","339.92K","-1.10%"
"09/15/2022","855.80","825.00","868.20","823.40","2.22M","1.93%"
"09/14/2022","839.60","853.00","861.80","824.20","523.56K","-2.62%"
"09/13/2022","862.20","905.00","905.00","861.80","517.36K","-2.00%"
"09/12/2022","879.80","880.20","892.80","872.00","1.47M","0.48%"
"09/09/2022","875.60","889.20","889.20","857.00","225.32K","0.25%"
"09/08/2022","873.40","914.20","914.20","865.40","243.26K","-2.33%"
"09/07/2022","894.20","895.80","910.00","874.60","277.06K","1.34%"
"09/06/2022","882.40","889.80","894.80","825.20","1.28M","2.63%"
"09/05/2022","859.80","905.00","910.40","853.00","172.14K","-4.47%"
"09/02/2022","900.00","865.60","938.00","865.60","540.12K","3.93%"
"09/01/2022","866.00","890.00","890.00","849.60","570.53K","1.36%"
"08/31/2022","854.40","871.00","871.00","846.87","680.52K","0.68%"
"08/30/2022","848.60","828.00","871.60","828.00","474.54K","-0.66%"
"08/26/2022","854.20","895.00","895.00","848.80","153.60K","-2.22%"
"08/25/2022","873.60","898.80","913.40","871.60","114.85K","-2.04%"
"08/24/2022","891.80","869.20","924.60","866.66","308.00K","0.77%"
"08/23/2022","885.00","917.20","917.20","870.00","311.26K","1.10%"
"08/22/2022","875.40","910.00","934.60","870.00","461.42K","-3.76%"
"08/19/2022","909.60","925.00","940.60","909.00","279.77K","-4.01%"
"08/18/2022","947.60","923.40","990.80","923.40","193.07K","0.42%"
"08/17/2022","943.60","1,003.50","1,003.50","943.60","229.30K","-3.99%"
"08/16/2022","982.80","1,000.00","1,027.22","971.08","449.76K","0.47%"
"08/15/2022","978.20","963.60","978.20","945.80","717.98K","2.97%"
"08/12/2022","950.00","966.00","966.00","925.37","242.58K","0.87%"
"08/11/2022","941.80","938.20","963.40","936.20","369.08K","-0.63%"
"08/10/2022","947.80","975.80","975.80","939.00","433.20K","-0.04%"
"08/09/2022","948.20","1,007.50","1,007.50","941.40","460.58K","-2.19%"
"08/08/2022","969.40","959.40","987.80","959.00","109.67K","1.04%"
"08/05/2022","959.40","959.40","984.80","945.60","246.33K","0.00%"
"08/04/2022","959.40","943.60","972.60","943.60","195.45K","0.93%"
"08/03/2022","950.60","934.80","957.00","909.34","287.04K","3.62%"
"08/02/2022","917.40","913.40","927.48","893.80","508.55K","0.44%"
"08/01/2022","913.40","870.80","926.00","870.80","405.19K","-0.35%"
"07/29/2022","916.60","923.00","925.60","875.00","347.62K","1.87%"
"07/28/2022","899.80","884.80","917.80","884.80","412.16K","-0.16%"
"07/27/2022","901.20","918.20","918.20","881.75","318.44K","2.27%"
"07/26/2022","881.20","884.60","907.20","872.34","525.70K","0.34%"
"07/25/2022","878.20","870.00","892.00","867.20","387.63K","-1.33%"
"07/22/2022","890.00","871.00","903.60","871.00","391.17K","-0.29%"
"07/21/2022","892.60","900.20","909.44","882.60","303.34K","-2.45%"
"07/20/2022","915.00","932.00","932.00","898.40","337.64K","-0.04%"
"07/19/2022","915.40","929.00","929.00","894.20","488.78K","0.53%"
"07/18/2022","910.60","916.20","916.70","885.34","449.68K","1.20%"
"07/15/2022","899.80","828.80","909.03","816.80","964.21K","9.31%"
"07/14/2022","823.20","810.00","832.60","795.13","1.08M","2.85%"
"07/13/2022","800.40","821.00","828.60","796.60","472.54K","-0.32%"
"07/12/2022","803.00","793.95","809.40","776.60","1.24M","2.08%"
"07/11/2022","786.60","807.00","829.44","783.80","1.21M","-2.48%"
"07/08/2022","806.60","800.00","835.20","777.30","1.88M","2.91%"
"07/07/2022","783.80","876.20","878.35","739.55","3.70M","-11.91%"
"07/06/2022","889.80","881.60","891.60","874.38","604.92K","3.78%"
"07/05/2022","857.40","871.40","922.60","853.40","956.08K","-4.97%"
"07/04/2022","902.20","905.00","933.80","896.00","249.05K","-1.72%"
"07/01/2022","918.00","914.80","935.13","895.40","410.66K","1.35%"
"06/30/2022","905.80","940.00","948.20","870.60","458.78K","-3.47%"
"06/29/2022","938.40","991.80","991.80","937.20","634.34K","-5.61%"
"06/28/2022","994.20","998.40","1,013.50","976.31","257.14K","2.07%"
"06/27/2022","974.00","959.00","995.60","959.00","260.76K","2.03%"
"06/24/2022","954.60","961.20","1,005.00","947.17","156.54K","-0.08%"
"06/23/2022","955.40","986.60","986.60","954.40","392.60K","-1.55%"
"06/22/2022","970.40","988.00","988.00","955.20","534.39K","-1.74%"
"06/21/2022","987.60","1,039.00","1,040.00","984.60","400.23K","-4.07%"
"06/20/2022","1,029.50","1,007.00","1,031.50","979.00","447.17K","4.45%"
"06/17/2022","985.60","919.80","993.80","919.80","462.14K","4.87%"
"06/16/2022","939.80","995.20","995.20","939.80","430.62K","-5.36%"
"06/15/2022","993.00","965.60","1,000.50","964.40","839.94K","4.44%"
"06/14/2022","950.80","963.60","1,001.36","940.00","928.79K","-0.98%"
"06/13/2022","960.20","1,000.50","1,009.00","956.00","587.66K","-4.27%"
"06/10/2022","1,003.00","1,094.50","1,094.50","990.60","445.34K","-4.25%"
"06/09/2022","1,047.50","1,116.00","1,116.00","1,041.00","403.87K","-2.87%"
"06/08/2022","1,078.50","1,105.50","1,131.00","1,078.50","303.93K","-2.18%"
"06/07/2022","1,102.50","1,112.50","1,122.36","1,078.50","373.48K","-2.48%"
"06/06/2022","1,130.50","1,144.50","1,179.50","1,127.27","287.20K","0.04%"
"06/01/2022","1,130.00","1,219.00","1,219.00","1,127.50","359.96K","-3.25%"
"05/31/2022","1,168.00","1,149.00","1,199.00","1,146.50","576.15K","-2.79%"
"05/30/2022","1,201.50","1,177.50","1,220.00","1,177.50","329.22K","0.38%"
"05/27/2022","1,197.00","1,159.50","1,201.50","1,158.50","351.80K","2.35%"
"05/26/2022","1,169.50","1,123.50","1,169.50","1,111.00","676.14K","4.42%"
"05/25/2022","1,120.00","1,135.50","1,135.50","1,089.50","490.26K","2.38%"
"05/24/2022","1,094.00","1,180.00","1,184.00","1,088.50","301.16K","-4.87%"
"05/23/2022","1,150.00","1,132.50","1,154.50","1,130.00","261.78K","1.95%"
"05/20/2022","1,128.00","1,094.00","1,151.50","1,093.00","328.13K","1.08%"
"05/19/2022","1,116.00","1,116.50","1,132.00","1,082.00","499.17K","-2.19%"
"05/18/2022","1,141.00","1,156.50","1,165.00","1,136.50","971.72K","0.18%"
"05/17/2022","1,139.00","1,155.00","1,160.50","1,132.00","520.21K","0.66%"
"05/16/2022","1,131.50","1,119.00","1,139.59","1,105.94","382.78K","-0.57%"
"05/13/2022","1,138.00","1,150.50","1,150.50","1,106.00","468.05K","2.29%"
"05/12/2022","1,112.50","1,099.50","1,113.50","1,071.50","432.10K","0.00%"
"05/11/2022","1,112.50","1,094.50","1,119.00","1,079.00","478.06K","3.58%"
"05/10/2022","1,074.00","1,085.00","1,108.50","1,064.50","496.58K","0.23%"
"05/09/2022","1,071.50","1,150.00","1,150.00","1,071.50","364.76K","-4.59%"
"05/06/2022","1,123.00","1,150.00","1,166.50","1,095.00","654.87K","-3.98%"
"05/05/2022","1,169.50","1,210.00","1,220.50","1,165.50","302.60K","-1.14%"
"05/04/2022","1,183.00","1,280.00","1,290.00","1,183.00","440.53K","-4.29%"
"05/03/2022","1,236.00","1,270.00","1,270.00","1,230.00","380.18K","-0.36%"
"04/29/2022","1,240.50","1,265.00","1,270.00","1,220.00","282.90K","0.24%"
"04/28/2022","1,237.50","1,234.50","1,253.50","1,216.90","458.70K","0.53%"
"04/27/2022","1,231.00","1,250.00","1,265.21","1,221.00","475.76K","-2.84%"
"04/26/2022","1,267.00","1,311.83","1,311.83","1,263.50","451.89K","-1.36%"
"04/25/2022","1,284.50","1,280.00","1,310.00","1,245.55","765.17K","0.35%"
"04/22/2022","1,280.00","1,300.00","1,330.00","1,275.00","508.72K","-3.83%"
"04/21/2022","1,331.00","1,280.00","1,356.50","1,277.50","633.49K","4.35%"
"04/20/2022","1,275.50","1,299.50","1,299.50","1,270.00","222.08K","-0.58%"
"04/19/2022","1,283.00","1,304.00","1,307.51","1,266.50","476.88K","-1.31%"
"04/14/2022","1,300.00","1,271.00","1,302.50","1,266.00","543.05K","2.36%"
"04/13/2022","1,270.00","1,278.50","1,285.50","1,235.48","468.49K","0.08%"
"04/12/2022","1,269.00","1,249.00","1,290.50","1,232.00","446.27K","0.75%"
"04/11/2022","1,259.50","1,242.00","1,276.50","1,213.00","528.53K","2.27%"
"04/08/2022","1,231.50","1,198.00","1,241.00","1,176.16","1.13M","6.35%"
"04/07/2022","1,158.00","1,189.50","1,190.50","1,143.50","343.24K","0.35%"
"04/06/2022","1,154.00","1,181.50","1,181.50","1,124.00","489.89K","-0.73%"
"04/05/2022","1,162.50","1,183.50","1,183.50","1,153.00","460.39K","-0.04%"
"04/04/2022","1,163.00","1,175.50","1,175.50","1,123.17","699.96K","2.42%"
"04/01/2022","1,135.50","1,195.50","1,195.50","1,105.00","310.37K","-0.83%"
"03/31/2022","1,145.00","1,163.00","1,163.00","1,133.50","469.24K","1.78%"
"03/30/2022","1,125.00","1,170.00","1,187.50","1,122.00","563.09K","-4.09%"
"03/29/2022","1,173.00","1,142.50","1,195.00","1,124.82","571.59K","4.64%"
"03/28/2022","1,121.00","1,106.50","1,136.00","1,066.00","542.97K","1.72%"
"03/25/2022","1,102.00","1,122.26","1,122.26","1,100.00","318.31K","-0.45%"
"03/24/2022","1,107.00","1,120.00","1,131.50","1,105.84","291.61K","-1.29%"
"03/23/2022","1,121.50","1,147.50","1,170.50","1,119.00","532.54K","-3.78%"
"03/22/2022","1,165.50","1,208.00","1,208.00","1,154.50","255.76K","1.17%"
"03/21/2022","1,152.00","1,220.50","1,220.50","1,136.50","291.07K","-3.15%"
"03/18/2022","1,189.50","1,230.50","1,230.50","1,157.50","474.30K","0.81%"
"03/17/2022","1,180.00","1,215.00","1,226.34","1,167.50","457.60K","-2.40%"
"03/16/2022","1,209.00","1,158.00","1,233.00","1,158.00","1.22M","1.85%"
"03/15/2022","1,187.00","1,131.00","1,219.50","1,131.00","565.14K","0.85%"
"03/14/2022","1,177.00","1,150.50","1,197.00","1,150.50","337.44K","2.26%"
"03/11/2022","1,151.00","1,149.50","1,176.50","1,101.00","751.98K","4.02%"
"03/10/2022","1,106.50","1,148.00","1,148.00","1,080.00","540.83K","-3.32%"
"03/09/2022","1,144.50","1,063.50","1,158.00","1,057.51","919.77K","10.47%"
"03/08/2022","1,036.00","999.00","1,056.00","960.00","705.73K","5.09%"
"03/07/2022","985.80","1,006.50","1,027.00","912.40","1.82M","-5.89%"
"03/04/2022","1,047.50","1,134.00","1,140.00","1,030.00","1.94M","-8.11%"
"03/03/2022","1,140.00","1,215.00","1,219.00","1,128.50","685.18K","-6.37%"
"03/02/2022","1,217.50","1,221.00","1,221.00","1,142.50","1.52M","1.88%"
"03/01/2022","1,195.00","1,295.50","1,310.00","1,195.00","938.49K","-6.90%"
"02/28/2022","1,283.50","1,300.00","1,300.00","1,256.00","789.83K","-2.13%"
"02/25/2022","1,311.50","1,295.00","1,323.50","1,269.00","592.01K","4.17%"
"02/24/2022","1,259.00","1,249.00","1,279.00","1,193.63","865.05K","-2.06%"
"02/23/2022","1,285.50","1,276.50","1,340.50","1,276.50","502.03K","-1.49%"
"02/22/2022","1,305.00","1,234.00","1,317.00","1,234.00","836.29K","0.85%"
"02/21/2022","1,294.00","1,358.50","1,358.50","1,291.50","456.75K","-1.97%"
"02/18/2022","1,320.00","1,369.00","1,369.00","1,316.00","480.45K","-1.64%"
"02/17/2022","1,342.00","1,411.50","1,433.00","1,339.51","674.77K","-5.39%"
"02/16/2022","1,418.50","1,387.00","1,434.19","1,387.00","514.65K","-0.32%"
"02/15/2022","1,423.00","1,330.00","1,433.94","1,330.00","777.50K","2.97%"
"02/14/2022","1,382.00","1,378.50","1,402.50","1,334.00","1.07M","-1.88%"
"02/11/2022","1,408.50","1,408.50","1,430.00","1,394.50","408.99K","-0.84%"
"02/10/2022","1,420.50","1,392.00","1,427.50","1,392.00","744.67K","1.61%"
"02/09/2022","1,398.00","1,394.00","1,404.72","1,376.59","735.62K","0.94%"
"02/08/2022","1,385.00","1,339.50","1,388.50","1,328.00","921.43K","4.92%"
"02/07/2022","1,320.00","1,325.50","1,341.60","1,307.50","361.32K","0.30%"
"02/04/2022","1,316.00","1,376.00","1,376.00","1,296.00","307.05K","-1.50%"
"02/03/2022","1,336.00","1,405.00","1,405.00","1,306.00","545.14K","-0.74%"
"02/02/2022","1,346.00","1,323.50","1,384.00","1,323.50","580.45K","-0.70%"
"02/01/2022","1,355.50","1,313.00","1,365.00","1,310.50","728.18K","2.85%"
"01/31/2022","1,318.00","1,295.50","1,329.00","1,265.50","971.83K","3.37%"
"01/28/2022","1,275.00","1,299.50","1,313.44","1,260.50","1.44M","-1.77%"
"01/27/2022","1,298.00","1,278.00","1,306.00","1,265.00","804.64K","-0.54%"
"01/26/2022","1,305.00","1,200.00","1,307.00","1,200.00","1.41M","7.54%"
"01/25/2022","1,213.50","1,211.50","1,245.00","1,190.00","520.20K","2.23%"
"01/24/2022","1,187.00","1,290.50","1,298.50","1,185.50","626.51K","-5.72%"
"01/21/2022","1,259.00","1,277.00","1,277.00","1,240.00","453.25K","-1.45%"
"01/20/2022","1,277.50","1,235.00","1,282.00","1,230.30","528.11K","3.61%"
"01/19/2022","1,233.00","1,242.50","1,271.00","1,224.00","530.89K","-1.12%"
"01/18/2022","1,247.00","1,230.00","1,259.50","1,227.00","273.32K","-1.58%"
"01/17/2022","1,267.00","1,272.00","1,286.00","1,230.50","469.64K","0.76%"
"01/14/2022","1,257.50","1,254.00","1,276.00","1,244.50","302.42K","-1.22%"
"01/13/2022","1,273.00","1,265.00","1,273.50","1,220.00","623.62K","1.92%"
"01/12/2022","1,249.00","1,233.00","1,263.00","1,230.50","321.41K","-0.12%"
"01/11/2022","1,250.50","1,208.50","1,275.50","1,208.50","551.71K","-1.07%"
"01/10/2022","1,264.00","1,238.00","1,294.50","1,234.00","1.19M","2.14%"
"01/07/2022","1,237.50","1,219.50","1,237.50","1,164.00","796.61K","3.17%"
"01/06/2022","1,199.50","1,217.50","1,239.50","1,158.50","613.37K","1.22%"
"01/05/2022","1,185.00","1,200.00","1,217.00","1,162.31","469.99K","0.34%"
"01/04/2022","1,181.00","1,104.50","1,202.00","1,104.50","850.42K","5.92%"
"12/31/2021","1,115.00","1,046.00","1,115.00","1,031.50","360.00K","5.09%"
"12/30/2021","1,061.00","1,076.50","1,076.50","1,039.50","584.77K","-0.98%"
"12/29/2021","1,071.50","1,046.50","1,087.00","1,002.00","526.79K","2.78%"
"12/24/2021","1,042.50","1,050.00","1,065.00","1,042.50","92.97K","-0.67%"
"12/23/2021","1,049.50","1,030.00","1,088.50","1,030.00","483.13K","1.89%"
"12/22/2021","1,030.00","1,011.56","1,049.00","999.40","497.61K","2.64%"
"12/21/2021","1,003.50","970.00","1,006.00","961.40","500.84K","4.38%"
"12/20/2021","961.40","963.20","974.00","916.60","344.17K","0.25%"
"12/17/2021","959.00","925.00","973.80","925.00","1.15M","2.17%"
"12/16/2021","938.60","959.80","977.60","936.46","454.33K","-1.20%"
"12/15/2021","950.00","945.00","992.00","940.20","407.98K","-1.08%"
"12/14/2021","960.40","954.20","986.37","945.20","622.41K","0.57%"
"12/13/2021","955.00","1,018.50","1,023.55","952.20","497.79K","-5.91%"
"12/10/2021","1,015.00","1,086.50","1,086.50","1,015.00","269.10K","-1.93%"
"12/09/2021","1,035.00","1,116.00","1,116.00","1,018.00","719.59K","-4.43%"
"12/08/2021","1,083.00","1,131.00","1,131.00","1,036.00","1.15M","-1.77%"
"12/07/2021","1,102.50","1,075.00","1,113.50","1,075.00","659.79K","2.61%"
"12/06/2021","1,074.50","1,023.50","1,077.78","1,012.96","626.61K","5.71%"
"12/03/2021","1,016.50","1,060.00","1,065.00","1,009.00","524.30K","-2.45%"
"12/02/2021","1,042.00","1,030.00","1,060.00","1,016.00","355.06K","0.19%"
"12/01/2021","1,040.00","980.80","1,050.00","975.80","794.39K","6.54%"
"11/30/2021","976.20","981.60","1,009.50","953.20","1.76M","-1.81%"
"11/29/2021","994.20","1,000.00","1,030.50","971.20","963.90K","1.74%"
"11/26/2021","977.20","1,067.00","1,073.00","975.80","2.09M","-12.87%"
"11/25/2021","1,121.50","1,094.88","1,136.71","1,086.50","213.15K","-0.09%"
"11/24/2021","1,122.50","1,150.00","1,150.00","1,077.00","306.25K","0.81%"
"11/23/2021","1,113.50","1,083.50","1,142.40","1,083.50","308.92K","-1.46%"
"11/22/2021","1,130.00","1,107.50","1,152.00","1,070.00","892.87K","5.90%"
"11/19/2021","1,067.00","1,052.00","1,110.00","1,022.50","3.62M","-1.11%"
"11/18/2021","1,079.00","1,183.00","1,219.00","1,076.50","4.30M","-9.71%"
"11/17/2021","1,195.00","1,203.50","1,212.00","1,188.00","545.45K","-0.71%"
"11/16/2021","1,203.50","1,200.50","1,249.00","1,200.50","353.95K","-3.45%"
"11/15/2021","1,246.50","1,266.00","1,312.50","1,237.00","266.51K","-0.44%"
"11/12/2021","1,252.00","1,242.50","1,319.00","1,242.50","207.26K","-0.48%"
"11/11/2021","1,258.00","1,271.50","1,293.00","1,252.00","438.19K","-2.37%"
"11/10/2021","1,288.50","1,285.00","1,323.50","1,276.90","367.60K","-0.58%"
"11/09/2021","1,296.00","1,308.00","1,336.50","1,271.00","667.93K","-0.08%"
"11/08/2021","1,297.00","1,320.50","1,350.00","1,292.00","381.76K","-2.63%"
"11/05/2021","1,332.00","1,273.50","1,371.00","1,254.50","1.33M","4.80%"
"11/04/2021","1,271.00","1,274.00","1,294.00","1,242.50","537.33K","1.60%"
"11/03/2021","1,251.00","1,204.50","1,254.50","1,199.39","439.37K","3.35%"
"11/02/2021","1,210.50","1,243.00","1,243.00","1,204.50","411.27K","-1.67%"
"11/01/2021","1,231.00","1,219.00","1,247.50","1,211.50","357.61K","0.94%"
"10/29/2021","1,219.50","1,273.00","1,273.00","1,207.00","341.26K","0.33%"
"10/28/2021","1,215.50","1,210.00","1,231.50","1,186.00","366.38K","0.37%"
"10/27/2021","1,211.00","1,262.00","1,262.00","1,209.00","459.92K","-1.30%"
"10/26/2021","1,227.00","1,168.00","1,255.00","1,168.00","320.55K","2.85%"
"10/25/2021","1,193.00","1,162.00","1,211.50","1,162.00","310.82K","0.59%"
"10/22/2021","1,186.00","1,221.50","1,224.00","1,164.50","372.35K","-2.67%"
"10/21/2021","1,218.50","1,218.50","1,260.78","1,187.99","630.97K","-1.10%"
"10/20/2021","1,232.00","1,282.00","1,290.36","1,227.50","757.51K","-3.64%"
"10/19/2021","1,278.50","1,325.00","1,325.00","1,268.00","724.61K","-0.04%"
"10/18/2021","1,279.00","1,282.00","1,317.00","1,273.50","692.53K","-3.14%"
"10/15/2021","1,320.50","1,275.00","1,320.50","1,275.00","922.55K","3.57%"
"10/14/2021","1,275.00","1,250.00","1,280.18","1,221.00","425.98K","3.20%"
"10/13/2021","1,235.50","1,283.50","1,291.50","1,217.50","513.63K","-3.74%"
"10/12/2021","1,283.50","1,320.00","1,320.00","1,271.26","652.93K","-2.58%"
"10/11/2021","1,317.50","1,301.50","1,317.50","1,264.50","530.67K","3.37%"
"10/08/2021","1,274.50","1,221.00","1,286.50","1,221.00","515.57K","3.53%"
"10/07/2021","1,231.00","1,288.00","1,288.00","1,228.50","285.12K","-0.97%"
"10/06/2021","1,243.00","1,292.00","1,292.50","1,224.00","462.96K","-2.66%"
"10/05/2021","1,277.00","1,300.00","1,303.00","1,247.00","486.96K","-1.05%"
"10/04/2021","1,290.50","1,330.00","1,330.00","1,282.50","843.79K","-1.22%"
"10/01/2021","1,306.50","1,281.00","1,311.00","1,240.00","723.79K","2.07%"
"09/30/2021","1,280.00","1,302.50","1,335.00","1,276.00","552.59K","-3.07%"
"09/29/2021","1,320.50","1,275.50","1,330.09","1,275.50","586.50K","1.34%"
"09/28/2021","1,303.00","1,348.00","1,348.00","1,293.50","878.70K","-2.94%"
"09/27/2021","1,342.50","1,319.50","1,349.50","1,308.00","782.45K","2.95%"
"09/24/2021","1,304.00","1,291.00","1,313.50","1,240.00","710.43K","2.39%"
"09/23/2021","1,273.50","1,286.50","1,311.50","1,264.50","502.25K","-2.34%"
"09/22/2021","1,304.00","1,282.50","1,306.50","1,273.50","348.11K","1.95%"
"09/21/2021","1,279.00","1,305.00","1,305.00","1,258.50","473.48K","1.15%"
"09/20/2021","1,264.50","1,215.00","1,300.00","1,204.00","849.50K","3.65%"
"09/17/2021","1,220.00","1,183.00","1,253.00","1,161.00","1.09M","5.08%"
"09/16/2021","1,161.00","1,099.00","1,173.50","1,099.00","501.83K","4.08%"
"09/15/2021","1,115.50","1,097.00","1,123.50","1,084.50","531.54K","-0.18%"
"09/14/2021","1,117.50","1,132.00","1,135.00","1,115.00","343.67K","-1.15%"
"09/13/2021","1,130.50","1,077.50","1,139.00","1,059.50","1.10M","5.65%"
"09/10/2021","1,070.00","1,099.00","1,116.50","1,054.50","910.56K","-2.95%"
"09/09/2021","1,102.50","1,130.00","1,150.00","1,085.50","1.01M","-2.91%"
"09/08/2021","1,135.50","1,152.00","1,182.00","1,135.50","593.77K","-1.30%"
"09/07/2021","1,150.50","1,172.00","1,200.00","1,140.00","922.37K","-1.92%"
"09/06/2021","1,173.00","1,163.00","1,175.50","1,145.00","253.22K","1.16%"
"09/03/2021","1,159.50","1,178.00","1,212.80","1,150.50","751.47K","-2.64%"
"09/02/2021","1,191.00","1,193.00","1,214.00","1,166.00","498.39K","-0.17%"
"09/01/2021","1,193.00","1,169.00","1,200.00","1,164.00","543.70K","3.38%"
"08/31/2021","1,154.00","1,196.00","1,196.00","1,133.50","461.44K","-0.65%"
"08/27/2021","1,161.50","1,202.00","1,202.00","1,147.50","367.27K","-1.06%"
"08/26/2021","1,174.00","1,164.50","1,218.00","1,160.50","329.98K","-1.76%"
"08/25/2021","1,195.00","1,184.50","1,217.50","1,178.00","708.74K","-0.58%"
"08/24/2021","1,202.00","1,223.50","1,223.50","1,173.00","1.21M","2.39%"
"08/23/2021","1,174.00","1,180.50","1,191.50","1,164.50","392.57K","0.43%"
"08/20/2021","1,169.00","1,192.00","1,205.00","1,160.50","349.23K","-2.58%"
"08/19/2021","1,200.00","1,215.00","1,277.00","1,173.00","686.56K","-1.40%"
"08/18/2021","1,217.00","1,225.50","1,233.50","1,187.50","454.90K","1.42%"
"08/17/2021","1,200.00","1,235.50","1,239.00","1,199.00","496.37K","-3.85%"
"08/16/2021","1,248.00","1,249.00","1,269.50","1,231.00","313.00K","-1.42%"
"08/13/2021","1,266.00","1,245.50","1,280.00","1,245.50","188.17K","0.28%"
"08/12/2021","1,262.50","1,270.50","1,313.00","1,260.00","303.86K","-1.37%"
"08/11/2021","1,280.00","1,283.00","1,295.00","1,271.50","336.03K","0.00%"
"08/10/2021","1,280.00","1,271.50","1,319.50","1,259.00","405.75K","-1.88%"
"08/09/2021","1,304.50","1,302.50","1,317.07","1,290.00","270.03K","-0.69%"
"08/06/2021","1,313.50","1,293.04","1,344.00","1,293.04","341.98K","-0.72%"
"08/05/2021","1,323.00","1,276.00","1,330.00","1,270.00","795.10K","3.76%"
"08/04/2021","1,275.00","1,225.00","1,292.00","1,225.00","268.79K","1.15%"
"08/03/2021","1,260.50","1,275.00","1,289.50","1,227.00","432.04K","-0.32%"
"08/02/2021","1,264.50","1,282.00","1,282.00","1,230.50","476.13K","1.85%"
"07/30/2021","1,241.50","1,260.00","1,273.00","1,225.50","379.91K","-2.40%"
"07/29/2021","1,272.00","1,276.00","1,287.00","1,239.50","394.32K","-0.24%"
"07/28/2021","1,275.00","1,247.00","1,286.50","1,247.00","577.45K","2.62%"
"07/27/2021","1,242.50","1,211.00","1,272.83","1,211.00","724.87K","1.02%"
"07/26/2021","1,230.00","1,163.00","1,231.00","1,141.50","772.89K","7.38%"
"07/23/2021","1,145.50","1,120.50","1,173.00","1,120.00","396.69K","-0.17%"
"07/22/2021","1,147.50","1,151.00","1,188.50","1,142.00","773.55K","1.19%"
"07/21/2021","1,134.00","1,057.50","1,148.00","1,057.50","1.49M","8.00%"
"07/20/2021","1,050.00","1,049.50","1,079.00","1,027.00","900.68K","0.57%"
"07/19/2021","1,044.00","1,098.50","1,098.50","1,020.00","947.43K","-4.79%"
"07/16/2021","1,096.50","1,081.00","1,121.00","1,074.00","1.33M","2.00%"
"07/15/2021","1,075.00","1,092.50","1,111.00","1,059.00","958.53K","-2.23%"
"07/14/2021","1,099.50","1,155.50","1,155.50","1,093.50","1.40M","-4.43%"
"07/13/2021","1,150.50","1,165.00","1,200.50","1,146.00","731.86K","-1.07%"
"07/12/2021","1,163.00","1,207.00","1,242.50","1,149.50","808.35K","-4.94%"
"07/09/2021","1,223.50","1,190.00","1,233.00","1,185.00","888.12K","3.95%"
"07/08/2021","1,177.00","1,229.00","1,254.50","1,150.50","4.02M","-4.93%"
"07/07/2021","1,238.00","1,274.00","1,293.00","1,225.50","400.38K","-1.90%"
"07/06/2021","1,262.00","1,268.00","1,293.00","1,244.00","1.70M","0.60%"
"07/05/2021","1,254.50","1,246.00","1,270.00","1,235.00","420.08K","0.72%"
"07/02/2021","1,245.50","1,222.50","1,248.00","1,219.00","341.87K","2.17%"
"07/01/2021","1,219.00","1,200.00","1,237.50","1,189.00","2.07M","3.00%"
"06/30/2021","1,183.50","1,172.50","1,230.50","1,159.88","1.25M","0.34%"
"06/29/2021","1,179.50","1,180.00","1,204.88","1,160.00","602.19K","0.17%"
"06/28/2021","1,177.50","1,242.00","1,250.50","1,175.00","626.45K","-5.42%"
"06/25/2021","1,245.00","1,288.00","1,293.50","1,230.00","835.17K","-1.89%"
"06/24/2021","1,269.00","1,272.00","1,299.50","1,251.50","653.94K","-0.51%"
"06/23/2021","1,275.50","1,224.00","1,295.00","1,215.00","856.70K","3.87%"
"06/22/2021","1,228.00","1,275.00","1,275.00","1,214.50","790.74K","-0.28%"
"06/21/2021","1,231.50","1,250.00","1,250.00","1,196.50","525.52K","-0.53%"
"06/18/2021","1,238.00","1,269.00","1,289.00","1,216.50","751.02K","-2.98%"
"06/17/2021","1,276.00","1,240.00","1,296.00","1,240.00","1.26M","4.16%"
"06/16/2021","1,225.00","1,230.00","1,244.50","1,215.00","580.13K","-0.61%"
"06/15/2021","1,232.50","1,230.50","1,266.50","1,224.00","579.02K","-0.60%"
"06/14/2021","1,240.00","1,260.00","1,285.50","1,236.50","493.13K","-3.05%"
"06/11/2021","1,279.00","1,273.50","1,292.00","1,260.00","587.58K","0.63%"
"06/10/2021","1,271.00","1,292.00","1,317.50","1,253.00","847.66K","-1.47%"
"06/09/2021","1,290.00","1,260.00","1,320.00","1,260.00","558.19K","1.78%"
"06/08/2021","1,267.50","1,276.00","1,295.00","1,259.00","926.15K","-1.17%"
"06/07/2021","1,282.50","1,300.00","1,313.50","1,276.50","620.57K","-1.57%"
"06/04/2021","1,303.00","1,298.50","1,303.50","1,273.00","1.95M","0.77%"
"06/03/2021","1,293.00","1,350.00","1,350.00","1,259.00","8.00M","-4.75%"
"06/02/2021","1,357.50","1,400.00","1,400.00","1,338.00","282.30K","-0.18%"
"06/01/2021","1,360.00","1,377.00","1,382.50","1,350.00","578.91K","0.74%"
"05/28/2021","1,350.00","1,352.00","1,377.00","1,339.57","491.26K","0.33%"
"05/27/2021","1,345.50","1,361.00","1,399.50","1,345.50","652.78K","-2.32%"
"05/26/2021","1,377.50","1,370.50","1,409.50","1,362.50","439.25K","0.25%"
"05/25/2021","1,374.00","1,385.00","1,401.00","1,374.00","785.25K","-0.33%"
"05/24/2021","1,378.50","1,365.50","1,394.00","1,357.00","252.00K","1.40%"
"05/21/2021","1,359.50","1,341.00","1,362.00","1,329.00","372.19K","1.00%"
"05/20/2021","1,346.00","1,330.00","1,379.50","1,330.00","512.26K","-0.41%"
"05/19/2021","1,351.50","1,364.50","1,375.00","1,322.50","520.81K","-1.82%"
"05/18/2021","1,376.50","1,428.50","1,428.50","1,364.50","369.93K","1.03%"
"05/17/2021","1,362.50","1,428.00","1,463.00","1,359.50","515.28K","-5.15%"
"05/14/2021","1,436.50","1,376.00","1,443.50","1,363.00","312.14K","3.31%"
"05/13/2021","1,390.50","1,401.00","1,406.50","1,330.00","795.01K","-2.01%"
"05/12/2021","1,419.00","1,500.00","1,500.00","1,390.50","803.02K","-2.84%"
"05/11/2021","1,460.50","1,520.00","1,520.00","1,439.50","585.05K","-4.39%"
"05/10/2021","1,527.50","1,550.00","1,573.22","1,520.50","318.82K","-2.36%"
"05/07/2021","1,564.50","1,520.00","1,564.50","1,472.00","499.75K","4.20%"
"05/06/2021","1,501.50","1,530.00","1,530.00","1,480.50","382.55K","-0.27%"
"05/05/2021","1,505.50","1,465.50","1,527.00","1,465.50","498.17K","1.04%"
"05/04/2021","1,490.00","1,492.00","1,554.00","1,464.50","897.80K","-0.10%"
"04/30/2021","1,491.50","1,467.50","1,494.00","1,440.00","708.54K","2.79%"
"04/29/2021","1,451.00","1,497.50","1,497.50","1,416.00","511.50K","-2.09%"
"04/28/2021","1,482.00","1,453.00","1,508.70","1,406.61","865.92K","1.65%"
"04/27/2021","1,458.00","1,439.00","1,480.00","1,412.00","700.42K","3.00%"
"04/26/2021","1,415.50","1,400.00","1,445.50","1,336.00","765.90K","3.55%"
"04/23/2021","1,367.00","1,401.00","1,401.00","1,339.00","282.52K","-0.69%"
"04/22/2021","1,376.50","1,325.00","1,386.00","1,300.00","943.12K","5.64%"
"04/21/2021","1,303.00","1,268.00","1,328.00","1,268.00","538.38K","2.92%"
"04/20/2021","1,266.00","1,320.00","1,377.50","1,264.50","569.09K","-6.05%"
"04/19/2021","1,347.50","1,350.00","1,362.98","1,319.70","537.70K","1.58%"
"04/16/2021","1,326.50","1,309.50","1,351.00","1,309.50","207.63K","0.87%"
"04/15/2021","1,315.00","1,371.50","1,375.49","1,307.00","389.78K","-2.92%"
"04/14/2021","1,354.50","1,305.00","1,363.50","1,266.00","613.93K","5.04%"
"04/13/2021","1,289.50","1,279.00","1,294.00","1,206.00","675.51K","3.24%"
"04/12/2021","1,249.00","1,299.00","1,303.00","1,231.50","406.18K","-3.48%"
"04/09/2021","1,294.00","1,373.50","1,390.00","1,288.00","1.22M","-5.34%"
"04/08/2021","1,367.00","1,367.00","1,419.00","1,330.00","686.73K","-0.11%"
"04/07/2021","1,368.50","1,320.50","1,405.50","1,320.50","663.85K","3.75%"
"04/06/2021","1,319.00","1,290.00","1,345.00","1,285.00","428.25K","1.34%"
"04/01/2021","1,301.50","1,261.00","1,313.00","1,225.00","486.97K","2.64%"
"03/31/2021","1,268.00","1,275.00","1,279.00","1,240.00","780.27K","0.96%"
"03/30/2021","1,256.00","1,210.00","1,260.00","1,200.00","575.08K","3.46%"
"03/29/2021","1,214.00","1,210.00","1,241.87","1,210.00","308.14K","-1.78%"
"03/26/2021","1,236.00","1,236.00","1,265.00","1,224.00","766.90K","-0.24%"
"03/25/2021","1,239.00","1,272.00","1,304.00","1,216.86","641.49K","-2.67%"
"03/24/2021","1,273.00","1,247.00","1,325.00","1,235.00","893.07K","1.03%"
"03/23/2021","1,260.00","1,264.00","1,274.00","1,217.00","1.10M","-2.33%"
"03/22/2021","1,290.00","1,366.00","1,375.00","1,231.00","1.20M","-6.99%"
"03/19/2021","1,387.00","1,427.00","1,439.00","1,370.00","925.18K","-2.80%"
"03/18/2021","1,427.00","1,425.00","1,458.00","1,396.00","606.44K","-1.18%"
"03/17/2021","1,444.00","1,412.00","1,450.00","1,396.00","4.26M","1.33%"
"03/16/2021","1,425.00","1,430.00","1,457.00","1,394.00","551.39K","-0.97%"
"03/15/2021","1,439.00","1,420.00","1,461.00","1,410.00","560.41K","1.91%"
"03/12/2021","1,412.00","1,417.00","1,429.00","1,373.00","442.29K","-0.21%"
"03/11/2021","1,415.00","1,370.00","1,422.00","1,370.00","451.38K","2.76%"
"03/10/2021","1,377.00","1,395.00","1,419.00","1,367.00","666.35K","-2.34%"
"03/09/2021","1,410.00","1,404.00","1,443.00","1,384.00","397.22K","0.93%"
"03/08/2021","1,397.00","1,379.00","1,407.00","1,351.00","625.07K","3.02%"
"03/05/2021","1,356.00","1,405.00","1,417.00","1,347.00","540.93K","-3.14%"
"03/04/2021","1,400.00","1,452.00","1,452.00","1,375.00","1.03M","-2.17%"
"03/03/2021","1,431.00","1,453.00","1,478.01","1,424.00","883.67K","-1.24%"
"03/02/2021","1,449.00","1,415.00","1,477.00","1,415.00","460.03K","-1.02%"
"03/01/2021","1,464.00","1,484.00","1,504.00","1,450.00","1.04M","0.69%"
"02/26/2021","1,454.00","1,385.00","1,480.00","1,361.00","2.35M","2.83%"
"02/25/2021","1,414.00","1,422.00","1,457.00","1,403.00","1.43M","-0.35%"
"02/24/2021","1,419.00","1,330.00","1,439.00","1,313.00","2.97M","5.97%"
"02/23/2021","1,339.00","1,345.00","1,466.00","1,312.00","3.36M","0.68%"
"02/22/2021","1,330.00","1,237.00","1,330.00","1,210.00","2.55M","8.48%"
"02/19/2021","1,226.00","1,231.00","1,270.00","1,224.00","1.18M","0.41%"
"02/18/2021","1,221.00","1,280.00","1,293.00","1,221.00","800.24K","-5.13%"
"02/17/2021","1,287.00","1,275.00","1,313.00","1,255.00","2.36M","1.02%"
"02/16/2021","1,274.00","1,279.00","1,328.00","1,261.00","1.02M","1.19%"
"02/15/2021","1,259.00","1,210.00","1,259.00","1,210.00","1.56M","4.57%"
"02/12/2021","1,204.00","1,195.00","1,240.00","1,180.00","5.46M","-7.24%"
"02/11/2021","1,298.00","1,325.00","1,339.50","1,262.00","360.29K","-1.22%"
"02/10/2021","1,314.00","1,392.00","1,415.00","1,298.00","578.68K","-5.47%"
"02/09/2021","1,390.00","1,440.00","1,449.00","1,390.00","440.56K","-3.74%"
"02/08/2021","1,444.00","1,454.00","1,498.00","1,421.00","448.80K","-2.76%"
"02/05/2021","1,485.00","1,449.00","1,498.09","1,437.00","431.26K","1.99%"
"02/04/2021","1,456.00","1,436.00","1,468.00","1,430.00","676.06K","-0.27%"
"02/03/2021","1,460.00","1,405.00","1,487.00","1,397.00","941.02K","4.73%"
"02/02/2021","1,394.00","1,320.00","1,478.52","1,320.00","800.97K","4.50%"
"02/01/2021","1,334.00","1,335.00","1,347.00","1,307.00","510.56K","1.14%"
"01/29/2021","1,319.00","1,355.00","1,355.00","1,294.00","809.21K","-1.42%"
"01/28/2021","1,338.00","1,273.00","1,355.00","1,220.00","1.07M","6.11%"
"01/27/2021","1,261.00","1,243.00","1,478.52","1,221.00","723.18K","0.48%"
"01/26/2021","1,255.00","1,218.00","1,276.00","1,190.00","842.23K","3.04%"
"01/25/2021","1,218.00","1,371.00","1,381.00","1,177.00","1.51M","-10.90%"
"01/22/2021","1,367.00","1,465.00","1,493.56","1,337.00","863.83K","-8.07%"
"01/21/2021","1,487.00","1,513.00","1,524.00","1,478.00","1.02M","-1.06%"
"01/20/2021","1,503.00","1,467.00","1,512.51","1,423.00","777.44K","3.44%"
"01/19/2021","1,453.00","1,365.00","1,456.00","1,349.00","665.77K","7.15%"
"01/18/2021","1,356.00","1,301.00","1,364.10","1,301.00","249.26K","1.65%"
"01/15/2021","1,334.00","1,315.00","1,365.00","1,308.70","426.06K","1.29%"
"01/14/2021","1,317.00","1,255.00","1,317.96","1,247.00","526.16K","4.86%"
"01/13/2021","1,256.00","1,307.00","1,319.07","1,244.00","646.68K","-4.12%"
"01/12/2021","1,310.00","1,293.25","1,312.84","1,279.53","345.51K","1.79%"
"01/11/2021","1,287.00","1,375.00","1,375.00","1,269.00","334.93K","-3.52%"
"01/08/2021","1,334.00","1,344.00","1,391.00","1,327.00","382.03K","-1.33%"
"01/07/2021","1,352.00","1,324.00","1,355.00","1,302.00","481.54K","2.11%"
"01/06/2021","1,324.00","1,325.00","1,332.00","1,282.00","609.76K","3.60%"
"01/05/2021","1,278.00","1,308.00","1,325.00","1,269.00","475.16K","-2.89%"
"01/04/2021","1,316.00","1,472.00","1,472.00","1,297.61","479.22K","-7.97%"